제목,링크,썸네일,sizeheight,sizewidth
네이버 인플루언서: 초록바다 최양훈의 홈 [네이버 인플루언서] 초록바다 최양훈,https://dthumb-phinf.pstatic.net/?src=%22https://mblogthumb-phinf.pstatic.net/MjAyNDA4MDZfMTUy/MDAxNzIyOTMzNjgyNjE5.ldk_oLlg5Oowm0djguXip34OTurtH21r8ARkSviiT1gg.aEnwpwT9RHeeHHtQ2ph3VTx1Q-EVl8ey7q5NhjN9404g.JPEG/%25BA%25ED%25B7%25CE%25B1%25D7_%25C5%25B8%25C0%25CC%25C6%25B2.jpg?type=w800%22&opts=2&twidth=700&theight=700,https://search.pstatic.net/sunny/?type=b150&src=https%3A%2F%2Fdthumb-phinf.pstatic.net%2F%3Fsrc%3D%2522https%3A%2F%2Fmblogthumb-phinf.pstatic.net%2FMjAyNDA4MDZfMTUy%2FMDAxNzIyOTMzNjgyNjE5.ldk_oLlg5Oowm0djguXip34OTurtH21r8ARkSviiT1gg.aEnwpwT9RHeeHHtQ2ph3VTx1Q-EVl8ey7q5NhjN9404g.JPEG%2F%2525BA%2525ED%2525B7%2525CE%2525B1%2525D7_%2525C5%2525B8%2525C0%2525CC%2525C6%2525B2.jpg%3Ftype%3Dw800%2522%26opts%3D2%26twidth%3D700%26theight%3D700,739,700
[여행] 목포는 '참 멋진' 항구다,http://imgnews.naver.net/image/5268/2020/06/23/0001317173_001_20200625100016979.jpg,https://search.pstatic.net/common/?type=b150&src=http%3A%2F%2Fimgnews.naver.net%2Fimage%2F5268%2F2020%2F06%2F23%2F0001317173_001_20200625100016979.jpg,332,658
네이버 인플루언서: 도도의 홈 [네이버 인플루언서] 도도,https://dthumb-phinf.pstatic.net/?src=%22https://mblogthumb-phinf.pstatic.net/MjAyNjAxMDVfMTY1/MDAxNzY3NTk5NTkxNTkw.DdxeIiZocPw7W8d6Qn2kd4L50zpEK-Zg5cG3xBPmVcUg.UAIr_tTMXcksx9t9GYI324ahArkZCbLzSMNcnw6I-bsg.JPEG/_MG_0418.JPG?type=w800%22&opts=2&twidth=700&theight=700,https://search.pstatic.net/sunny/?type=b150&src=https%3A%2F%2Fdthumb-phinf.pstatic.net%2F%3Fsrc%3D%2522https%3A%2F%2Fmblogthumb-phinf.pstatic.net%2FMjAyNjAxMDVfMTY1%2FMDAxNzY3NTk5NTkxNTkw.DdxeIiZocPw7W8d6Qn2kd4L50zpEK-Zg5cG3xBPmVcUg.UAIr_tTMXcksx9t9GYI324ahArkZCbLzSMNcnw6I-bsg.JPEG%2F_MG_0418.JPG%3Ftype%3Dw800%2522%26opts%3D2%26twidth%3D700%26theight%3D700,700,700
목포가 흘린 눈물…'타임슬립 여행'의 성지가 되다,http://imgnews.naver.net/image/018/2023/03/17/0005444339_015_20230317084304164.jpg,https://search.pstatic.net/common/?type=b150&src=http%3A%2F%2Fimgnews.naver.net%2Fimage%2F018%2F2023%2F03%2F17%2F0005444339_015_20230317084304164.jpg,376,670
목포해상케이블카 & 시티투어 당일여행(당일치기) : 뉴한주여행사,http://shop1.phinf.naver.net/20240119_199/1705633485005Ehj2Q_PNG/106769383700970971_733934627.png,https://search.pstatic.net/common/?type=b150&src=http%3A%2F%2Fshop1.phinf.naver.net%2F20240119_199%2F1705633485005Ehj2Q_PNG%2F106769383700970971_733934627.png,860,860
[ESC] 목이 길어지는 목포 여행,http://imgnews.naver.net/image/028/2020/06/26/0002502712_001_20200626144205395.jpg,https://search.pstatic.net/common/?type=b150&src=http%3A%2F%2Fimgnews.naver.net%2Fimage%2F028%2F2020%2F06%2F26%2F0002502712_001_20200626144205395.jpg,633,950
"목포, 전남의 2성급 호텔 & 모텔 예약 | 익스피디아",https://images.trvl-media.com/place/553248621562614032/ed80c307-8027-49f1-9883-3b36a2c35961.jpg?impolicy=fcrop&w=900&h=600&p=1&q=high,https://search.pstatic.net/sunny/?type=b150&src=https%3A%2F%2Fimages.trvl-media.com%2Fplace%2F553248621562614032%2Fed80c307-8027-49f1-9883-3b36a2c35961.jpg%3Fimpolicy%3Dfcrop%26w%3D900%26h%3D600%26p%3D1%26q%3Dhigh,600,900
"목포 여행 필수 코스 | 1박 2일 목포 명소, 맛집, 숙소 가이드",https://image.withstatic.com/359/391/271/aac77ca707d0458c85826d2150974ae1.jpg?width=1080&height=1350&format=webp,https://search.pstatic.net/sunny/?type=b150&src=https%3A%2F%2Fimage.withstatic.com%2F359%2F391%2F271%2Faac77ca707d0458c85826d2150974ae1.jpg%3Fwidth%3D1080%26height%3D1350%26format%3Dwebp,1350,1080
해상케이블카 타고 날아가 즐기는 목포 고하도 트레킹 [최현태 기자의 여행홀릭],http://imgnews.naver.net/image/022/2022/10/15/20221015505619_20221015133602522.jpg,https://search.pstatic.net/common/?type=b150&src=http%3A%2F%2Fimgnews.naver.net%2Fimage%2F022%2F2022%2F10%2F15%2F20221015505619_20221015133602522.jpg,907,680
고하도 해상데크 현장 점검 (11.10.고하고해상데크) - 열린시장실 고하도 해상데크 현장 점검 (11.10.고하고해상데크) ,https://health.mokpo.go.kr/mayor/activity/ybmodule.file/board/mayor_photo/1573431576.jpg/mayor_photo/930x1x100/1573431576.jpg,https://search.pstatic.net/sunny/?type=b150&src=https%3A%2F%2Fhealth.mokpo.go.kr%2Fmayor%2Factivity%2Fybmodule.file%2Fboard%2Fmayor_photo%2F1573431576.jpg%2Fmayor_photo%2F930x1x100%2F1573431576.jpg,1065,1600
네이버 인플루언서 [네이버 인플루언서] 6월 국내여행지 추천 전남 목포 진도 2박3일 여행코스,https://influencer-phinf.pstatic.net/MjAyNTA1MjlfMTI3/MDAxNzQ4NDg1OTk4MTY4.PwUhT2pj8PFSZoXYKzzhvikq2aaOhKfa07GESog1IBwg.FuznCj43rCE5Z-KbAOVpJkrcb7Nj2ePffmvGOiPWxLog.PNG/bf79.png?type=w700,https://search.pstatic.net/sunny/?type=b150&src=https%3A%2F%2Finfluencer-phinf.pstatic.net%2FMjAyNTA1MjlfMTI3%2FMDAxNzQ4NDg1OTk4MTY4.PwUhT2pj8PFSZoXYKzzhvikq2aaOhKfa07GESog1IBwg.FuznCj43rCE5Z-KbAOVpJkrcb7Nj2ePffmvGOiPWxLog.PNG%2Fbf79.png%3Ftype%3Dw700,700,700
다리 불편하시면 바로 해상데크로 연견된 엘리베이터 있으니 이용하세요  #목포여행#목포가볼만한곳#오늘클립챌린지#고하도#해상데크,https://pup-post-phinf.pstatic.net/MjAyNjA1MjFfMTIg/MDAxNzc5MzYzNzAxNzgy.DW-z4KQj0lHe59R4MOMg2GB3kAyKBdecnJTK_R9TZo8g.qKopSS2LAx6nm1EnbdieV2j4OaZI_8muiPYIwrUz7Pkg.JPEG/POST_IMAGE_ENCODING_20260521_204141_151.jpg,https://search.pstatic.net/common/?type=b150&src=https%3A%2F%2Fpup-post-phinf.pstatic.net%2FMjAyNjA1MjFfMTIg%2FMDAxNzc5MzYzNzAxNzgy.DW-z4KQj0lHe59R4MOMg2GB3kAyKBdecnJTK_R9TZo8g.qKopSS2LAx6nm1EnbdieV2j4OaZI_8muiPYIwrUz7Pkg.JPEG%2FPOST_IMAGE_ENCODING_20260521_204141_151.jpg,1080,810
겨울 목포 여행 -1,https://img1.daumcdn.net/thumb/R1280x0.fjpg/?fname=http://t1.daumcdn.net/brunch/service/user/8xtB/image/qDotcR6E6DsTqQQZTVjF9gsAg3g.jpg,https://search.pstatic.net/sunny/?type=b150&src=https%3A%2F%2Fimg1.daumcdn.net%2Fthumb%2FR1280x0.fjpg%2F%3Ffname%3Dhttp%3A%2F%2Ft1.daumcdn.net%2Fbrunch%2Fservice%2Fuser%2F8xtB%2Fimage%2FqDotcR6E6DsTqQQZTVjF9gsAg3g.jpg,735,1280
네이버 인플루언서 [네이버 인플루언서] 목포 토박이가 추천하는 실패 없는 여행 코스,https://influencer-phinf.pstatic.net/MjAyNTEyMTJfMTQ2/MDAxNzY1NTA4OTYxMjU3.OEZUctBSWMSwPwhhd__R7wvhnou3raLQmVSle2IxDxUg.Kt6mWz_LVChwFBhj9w99w-f1WtMsUc2y7OJT653Qn6wg.PNG/f019.png?type=w700,https://search.pstatic.net/sunny/?type=b150&src=https%3A%2F%2Finfluencer-phinf.pstatic.net%2FMjAyNTEyMTJfMTQ2%2FMDAxNzY1NTA4OTYxMjU3.OEZUctBSWMSwPwhhd__R7wvhnou3raLQmVSle2IxDxUg.Kt6mWz_LVChwFBhj9w99w-f1WtMsUc2y7OJT653Qn6wg.PNG%2Ff019.png%3Ftype%3Dw700,525,525
목포 고하도 '한국관광공사 비대면 관광지 100선' 선정,http://imgnews.naver.net/image/003/2020/10/08/NISI20201008_0000613944_web_20201008135146_20201008140207805.jpg,https://search.pstatic.net/common/?type=b150&src=http%3A%2F%2Fimgnews.naver.net%2Fimage%2F003%2F2020%2F10%2F08%2FNISI20201008_0000613944_web_20201008135146_20201008140207805.jpg,960,640
카누타고 떠나는 목포 봄마중> 여행기사 | '열린 관광' 모두의 여행:대한민국 구석구석,https://cdn.visitkorea.or.kr/img/call?cmd=VIEW&id=8b123fe9-9b40-490f-a78c-09f841ae6b2b,https://search.pstatic.net/sunny/?type=b150&src=https%3A%2F%2Fcdn.visitkorea.or.kr%2Fimg%2Fcall%3Fcmd%3DVIEW%26id%3D8b123fe9-9b40-490f-a78c-09f841ae6b2b,463,700
목포해상케이블카 '코로나 극복' 고객 감사 2주년 이벤트,http://imgnews.naver.net/image/003/2021/07/29/NISI20210729_0000798244_web_20210729144520_20210729145110427.jpg,https://search.pstatic.net/common/?type=b150&src=http%3A%2F%2Fimgnews.naver.net%2Fimage%2F003%2F2021%2F07%2F29%2FNISI20210729_0000798244_web_20210729144520_20210729145110427.jpg,426,640
Feel the Rhythm of KOREA♬ 속 서울 & 목포 랜선 여행> 여행기사 :대한민국 구석구석 Feel the Rhythm of KOREA♬ 속  서울 & 목포 랜선... ,https://cdn.visitkorea.or.kr/img/call?cmd=VIEW&id=e78bd798-6d0c-4f1a-b930-f317ce1aa757,https://search.pstatic.net/sunny/?type=b150&src=https%3A%2F%2Fcdn.visitkorea.or.kr%2Fimg%2Fcall%3Fcmd%3DVIEW%26id%3De78bd798-6d0c-4f1a-b930-f317ce1aa757,627,940
"네이버 인플루언서 [네이버 인플루언서] 목포 당일치기 여행 코스 추천, 여행 경비까지 총 정리, INTJ 정리법",https://dthumb-phinf.pstatic.net/?src=%22https://mblogthumb-phinf.pstatic.net/MjAyMjA5MjRfMjQ4/MDAxNjYzOTY2Mzc3Njg0.c_vWdS88IpRcu9M6aOn3xZV7COLafvgn3BSZ5sSWQwIg.I9xKYyZL_zjAFHRYjpDOa6KInl6cRX5e6RAiTcguFywg.PNG.dladngud22/%25B8%25F1%25C6%25F7_%25B0%25AB%25B9%25D9%25C0%25A7_%25B8%25DE%25C0%25CE%2528%25C3%25D6%25C1%25BE%2529.png?type=w800%22&opts=2&twidth=700&theight=700,https://search.pstatic.net/sunny/?type=b150&src=https%3A%2F%2Fdthumb-phinf.pstatic.net%2F%3Fsrc%3D%2522https%3A%2F%2Fmblogthumb-phinf.pstatic.net%2FMjAyMjA5MjRfMjQ4%2FMDAxNjYzOTY2Mzc3Njg0.c_vWdS88IpRcu9M6aOn3xZV7COLafvgn3BSZ5sSWQwIg.I9xKYyZL_zjAFHRYjpDOa6KInl6cRX5e6RAiTcguFywg.PNG.dladngud22%2F%2525B8%2525F1%2525C6%2525F7_%2525B0%2525AB%2525B9%2525D9%2525C0%2525A7_%2525B8%2525DE%2525C0%2525CE%252528%2525C3%2525D6%2525C1%2525BE%252529.png%3Ftype%3Dw800%2522%26opts%3D2%26twidth%3D700%26theight%3D700,700,700
네이버 인플루언서: 리틀콤마의 홈 [네이버 인플루언서] 리틀콤마,https://dthumb-phinf.pstatic.net/?src=%22https://mblogthumb-phinf.pstatic.net/MjAyNDA1MjBfMTA5/MDAxNzE2MTcwMDU1ODUx.yUKMG34H511AOdIhN3BPw72B_2Ysh9JAyynZYfGVLuIg.n55aTQI4o0pgcckbwVqyFN3BVJ_CJlNSiw1oOw77b8Ig.JPEG/KakaoTalk_20240519_223648209_02.jpg?type=w800%22&opts=2&twidth=700&theight=700,https://search.pstatic.net/sunny/?type=b150&src=https%3A%2F%2Fdthumb-phinf.pstatic.net%2F%3Fsrc%3D%2522https%3A%2F%2Fmblogthumb-phinf.pstatic.net%2FMjAyNDA1MjBfMTA5%2FMDAxNzE2MTcwMDU1ODUx.yUKMG34H511AOdIhN3BPw72B_2Ysh9JAyynZYfGVLuIg.n55aTQI4o0pgcckbwVqyFN3BVJ_CJlNSiw1oOw77b8Ig.JPEG%2FKakaoTalk_20240519_223648209_02.jpg%3Ftype%3Dw800%2522%26opts%3D2%26twidth%3D700%26theight%3D700,700,700
#오늘여기클립 #목포갓바위 #갓바위 #평화광장 #목포여행 #목포가볼만한곳 #목포평화광장 #목포산책,https://pup-post-phinf.pstatic.net/MjAyNjAxMDZfNTUg/MDAxNzY3NjU5MTQ2ODg4.iCkLRujzM7R2j8FRH4SepidF_SRXdoTFqHhx69U1yWUg.fgHldSDbbpywS6zFhqj4lIJZ65qJYewmqYwFfSfT2JEg.JPEG/POST_IMAGE_ENCODING_20260106_092544_126.jpg,https://search.pstatic.net/common/?type=b150&src=https%3A%2F%2Fpup-post-phinf.pstatic.net%2FMjAyNjAxMDZfNTUg%2FMDAxNzY3NjU5MTQ2ODg4.iCkLRujzM7R2j8FRH4SepidF_SRXdoTFqHhx69U1yWUg.fgHldSDbbpywS6zFhqj4lIJZ65qJYewmqYwFfSfT2JEg.JPEG%2FPOST_IMAGE_ENCODING_20260106_092544_126.jpg,1440,1080
목포 갓바위> 여행지 | '열린 관광' 모두의 여행:대한민국 구석구석,https://cdn.visitkorea.or.kr/img/call?cmd=VIEW&id=760e259d-e3fc-44cc-af43-ae99304649e2,https://search.pstatic.net/sunny/?type=b150&src=https%3A%2F%2Fcdn.visitkorea.or.kr%2Fimg%2Fcall%3Fcmd%3DVIEW%26id%3D760e259d-e3fc-44cc-af43-ae99304649e2,1024,576
인천 월미도~영종도 잇는 해상케이블카 검토 착수,http://imgnews.naver.net/image/005/2021/01/28/611211110015478625_3_20210128223141714.jpg,https://search.pstatic.net/common/?type=b150&src=http%3A%2F%2Fimgnews.naver.net%2Fimage%2F005%2F2021%2F01%2F28%2F611211110015478625_3_20210128223141714.jpg,430,640
우리 근대 역사 간직한 나만의 목포 여행> 여행기사 | 한국관광100선:대한민국 구석구석,https://cdn.visitkorea.or.kr/img/call?cmd=VIEW&id=a3956498-4353-48d6-808a-5916f6e8ec2a,https://search.pstatic.net/sunny/?type=b150&src=https%3A%2F%2Fcdn.visitkorea.or.kr%2Fimg%2Fcall%3Fcmd%3DVIEW%26id%3Da3956498-4353-48d6-808a-5916f6e8ec2a,3363,2402
해남 목포구 등대 관광 정보와 주변 관광 명소 및 근처 맛집 여행 정보,http://tong.visitkorea.or.kr/cms/resource/84/3563584_image2_1.jpg,https://search.pstatic.net/sunny/?type=b150&src=http%3A%2F%2Ftong.visitkorea.or.kr%2Fcms%2Fresource%2F84%2F3563584_image2_1.jpg,626,940
여행/해외거주 - 엑셀&운동성애자 토리의 나홀로 목포 2박3일 4편 : 여행의 끝과 계속되는 삶 (사진많음),https://img.dmitory.com/img/202205/4qF/UL0/4qFUL0Y33iEgmg2cKy0uI2.jpg,https://search.pstatic.net/sunny/?type=b150&src=https%3A%2F%2Fimg.dmitory.com%2Fimg%2F202205%2F4qF%2FUL0%2F4qFUL0Y33iEgmg2cKy0uI2.jpg,1440,1080
한여름 목포를 그리다 - 2022년 목포 여행 사진 일기,https://img1.daumcdn.net/thumb/R800x0/?fname=https%3A%2F%2Fblog.kakaocdn.net%2Fdna%2FYiIvF%2FbtrJQduZkl7%2FAAAAAAAAAAAAAAAAAAAAAJ4m9B3TM1xAWgRmY3Ll8_vEPw9NHDh5f7OBIGMkj0ec%2Fimg.jpg%3Fcredential%3DyqXZFxpELC7KVnFOS48ylbz2pIh7yKj8%26expires%3D1756652399%26allow_ip%3D%26allow_referer%3D%26signature%3DyTkxy2zrZM8gziqleX9B4LvgVdc%253D,https://search.pstatic.net/sunny/?type=b150&src=https%3A%2F%2Fimg1.daumcdn.net%2Fthumb%2FR800x0%2F%3Ffname%3Dhttps%253A%252F%252Fblog.kakaocdn.net%252Fdna%252FYiIvF%252FbtrJQduZkl7%252FAAAAAAAAAAAAAAAAAAAAAJ4m9B3TM1xAWgRmY3Ll8_vEPw9NHDh5f7OBIGMkj0ec%252Fimg.jpg%253Fcredential%253DyqXZFxpELC7KVnFOS48ylbz2pIh7yKj8%2526expires%253D1756652399%2526allow_ip%253D%2526allow_referer%253D%2526signature%253DyTkxy2zrZM8gziqleX9B4LvgVdc%25253D,533,800
"목포 가볼만한 곳 추천 BEST 10 (+숨은 명소, 여행 코스) < 국내 여행 < 기사본문 - 여행톡톡 목포 가볼만한 곳 추천 BEST 10 (+숨은 명소, 여행... ",https://cdn.tourtoctoc.com/news/photo/202401/3616_22831_5335.jpg,https://search.pstatic.net/sunny/?type=b150&src=https%3A%2F%2Fcdn.tourtoctoc.com%2Fnews%2Fphoto%2F202401%2F3616_22831_5335.jpg,564,600
기차여행은 코레일관광개발,http://www.korailtravel.com/upload/goods/20190222%5B1%5D.png,https://search.pstatic.net/sunny/?type=b150&src=http%3A%2F%2Fwww.korailtravel.com%2Fupload%2Fgoods%2F20190222%255B1%255D.png,665,1177
부산출발 홍도흑산도 1박2일 목포셔틀운행 국내여행 경희여행사 : 경희여행사,http://shop1.phinf.naver.net/20260422_211/1776847240175Jpghb_JPEG/110980073647873962_1804510237.jpg,https://search.pstatic.net/common/?type=b150&src=http%3A%2F%2Fshop1.phinf.naver.net%2F20260422_211%2F1776847240175Jpghb_JPEG%2F110980073647873962_1804510237.jpg,1080,1080
"KOREA TRIP :: 목포 가볼만한곳, 야경 좋은 갓바위 바다분수 커플여행 데이트코스 - YouTube | 여행, 갓, 커플",https://i.pinimg.com/originals/77/98/58/779858a289af4a2854050b17e52a111c.jpg,https://search.pstatic.net/sunny/?type=b150&src=https%3A%2F%2Fi.pinimg.com%2Foriginals%2F77%2F98%2F58%2F779858a289af4a2854050b17e52a111c.jpg,720,1280
"목포시, ‘목포(愛)가을(藝)페스티벌(樂)’ 개최",http://imgnews.naver.net/image/5270/2019/07/24/20190724000172_0700_20190724164835289.jpg,https://search.pstatic.net/common/?type=b150&src=http%3A%2F%2Fimgnews.naver.net%2Fimage%2F5270%2F2019%2F07%2F24%2F20190724000172_0700_20190724164835289.jpg,991,700
"정책소통 - 대학생기자단 - 목포에서 시간여행을 즐기는 방법_2019 봄 여행주간 <목포, 레트로 여행> | 문화체육관광부",https://www.mcst.go.kr/attachFiles/editor/attachFiles/attachFiles/notifyCourt/news/images/000124/7IKs7KeEIDM=.png,https://search.pstatic.net/sunny/?type=b150&src=https%3A%2F%2Fwww.mcst.go.kr%2FattachFiles%2Feditor%2FattachFiles%2FattachFiles%2FnotifyCourt%2Fnews%2Fimages%2F000124%2F7IKs7KeEIDM%3D.png,1186,1186
"이리 돌면 이난영, 저리 돌면 게다짝 ‘시간여행’",http://imgnews.naver.net/image/028/2009/04/17/rain_70260_42751_ed.jpg,https://search.pstatic.net/common/?type=b150&src=http%3A%2F%2Fimgnews.naver.net%2Fimage%2F028%2F2009%2F04%2F17%2Frain_70260_42751_ed.jpg,771,540
"사진관·음악다방 복고감성 물씬…""낭만항구 목포로 오세요""",http://imgnews.naver.net/image/001/2019/04/24/AKR20190424139300054_01_i_20190424160718904.jpg,https://search.pstatic.net/common/?type=b150&src=http%3A%2F%2Fimgnews.naver.net%2Fimage%2F001%2F2019%2F04%2F24%2FAKR20190424139300054_01_i_20190424160718904.jpg,708,499
[SN여행] 목포 여행시 꼭 봐야하는 특별한 '춤추는 바다분수' [전남 목포],http://imgnews.naver.net/image/5369/2016/07/17/39732_58914_1240_99_20160717170040.jpg,https://search.pstatic.net/common/?type=b150&src=http%3A%2F%2Fimgnews.naver.net%2Fimage%2F5369%2F2016%2F07%2F17%2F39732_58914_1240_99_20160717170040.jpg,360,640
목포사는친구들 내 목포여행 일정짠거좀 봐줘~~!,https://down.humoruniv.com/hwiparambbs/data/pdswait/a_wb31c71001_9d2872105dd0ace91f71177e1cc0987822b37afe.jpg,https://search.pstatic.net/sunny/?type=b150&src=https%3A%2F%2Fdown.humoruniv.com%2Fhwiparambbs%2Fdata%2Fpdswait%2Fa_wb31c71001_9d2872105dd0ace91f71177e1cc0987822b37afe.jpg,697,1054
"목포시, 홍보 유튜브 통해 낭만 항구 목포여행 매력 발산",http://imgnews.naver.net/image/5136/2020/10/20/0000331499_001_20201020194950895.jpg,https://search.pstatic.net/common/?type=b150&src=http%3A%2F%2Fimgnews.naver.net%2Fimage%2F5136%2F2020%2F10%2F20%2F0000331499_001_20201020194950895.jpg,347,620
"부여교육청, 자녀와 함께하는 기차여행 운영",http://imgnews.naver.net/image/5283/2024/10/21/0000446101_001_20241021103615354.jpg,https://search.pstatic.net/common/?type=b150&src=http%3A%2F%2Fimgnews.naver.net%2Fimage%2F5283%2F2024%2F10%2F21%2F0000446101_001_20241021103615354.jpg,721,1280
겨울 목포 여행-2,https://img1.daumcdn.net/thumb/R1280x0.fjpg/?fname=http://t1.daumcdn.net/brunch/service/user/8xtB/image/NNADV2BhdT5xjnaNsG5LlHxtrSo.jpg,https://search.pstatic.net/sunny/?type=b150&src=https%3A%2F%2Fimg1.daumcdn.net%2Fthumb%2FR1280x0.fjpg%2F%3Ffname%3Dhttp%3A%2F%2Ft1.daumcdn.net%2Fbrunch%2Fservice%2Fuser%2F8xtB%2Fimage%2FNNADV2BhdT5xjnaNsG5LlHxtrSo.jpg,721,1280
"[박준규의 기차여행, 버스여행] 맛있는 항구포차, 멋있는 케이블카...목포 여행 참말로 쉬워 부러요",http://imgnews.naver.net/image/469/2020/06/26/0000509802_014_20200626205512581.jpg,https://search.pstatic.net/common/?type=b150&src=http%3A%2F%2Fimgnews.naver.net%2Fimage%2F469%2F2020%2F06%2F26%2F0000509802_014_20200626205512581.jpg,427,640
4시간 목포와 짧았던 제주여행,https://img1.daumcdn.net/thumb/R1280x0.fpng/?fname=http://t1.daumcdn.net/brunch/service/guest/image/iQRE2z7syeowrdnW8oIsx6BaMhE.png,https://search.pstatic.net/sunny/?type=b150&src=https%3A%2F%2Fimg1.daumcdn.net%2Fthumb%2FR1280x0.fpng%2F%3Ffname%3Dhttp%3A%2F%2Ft1.daumcdn.net%2Fbrunch%2Fservice%2Fguest%2Fimage%2FiQRE2z7syeowrdnW8oIsx6BaMhE.png,960,1280
[어디갈까] 당일치기로 떠나는 목포여행~!,http://img.ezmember.co.kr/cache/board/2015/05/20/23136f39c1a059376073878343c51e88.png,https://search.pstatic.net/sunny/?type=b150&src=http%3A%2F%2Fimg.ezmember.co.kr%2Fcache%2Fboard%2F2015%2F05%2F20%2F23136f39c1a059376073878343c51e88.png,576,576
'100년의 시간여행'… 목포 문화유산 야행 열린다,http://imgnews.naver.net/image/417/2024/10/16/0001032896_001_20241016152109623.jpg,https://search.pstatic.net/common/?type=b150&src=http%3A%2F%2Fimgnews.naver.net%2Fimage%2F417%2F2024%2F10%2F16%2F0001032896_001_20241016152109623.jpg,838,601
낭만 항구 '목포'에서 즐기는 가을 감성여행,http://imgnews.naver.net/image/468/2022/10/07/0000888934_010_20221007071106968.jpg,https://search.pstatic.net/common/?type=b150&src=http%3A%2F%2Fimgnews.naver.net%2Fimage%2F468%2F2022%2F10%2F07%2F0000888934_010_20221007071106968.jpg,431,647
"목포시, 체전기간 목포에서 다채로운 볼거리·먹거리 즐기기,,트래블투데이,여행기사,트래블아이",http://www.traveli.co.kr/repository/read/contents/K2023101612174983.jpeg,https://search.pstatic.net/sunny/?type=b150&src=http%3A%2F%2Fwww.traveli.co.kr%2Frepository%2Fread%2Fcontents%2FK2023101612174983.jpeg,477,730
"ENA‘지구마불 세계여행 3’, 맛의 수도 목포를 탐험하다!:경인투데이뉴스 ≪경인투데이뉴스≫ ENA‘지구마불 세계여행 3’, 맛의 수도... ",http://tr.xza.kr/imgdata/tr_xza_kr/202503/20250319115404-79124.jpg,https://search.pstatic.net/sunny/?type=b150&src=http%3A%2F%2Ftr.xza.kr%2Fimgdata%2Ftr_xza_kr%2F202503%2F20250319115404-79124.jpg,722,498
"[걷듯이 읽고, 읽듯이 걷고] : 알라딘",https://image.aladin.co.kr/Community/paper/2019/0125/pimg_7872701832108878.jpg,https://search.pstatic.net/sunny/?type=b150&src=https%3A%2F%2Fimage.aladin.co.kr%2FCommunity%2Fpaper%2F2019%2F0125%2Fpimg_7872701832108878.jpg,807,605
#오늘여기클립 #목포여행 #목포갓바위 #갓바위 #목포관광명소 #목포당일치기여행 #목포여행필수코스 #목포바다절경 #국내여행 #전남가볼만한곳... ,https://pup-post-phinf.pstatic.net/MjAyNTA5MDZfMjUg/MDAxNzU3MTQ4MzUxNjg2.QbOBSH1E4P5pZkgOkprW4IzMPOB5QPNfnGVJu0S034Ig.Q8eY07UD0K3iSJjEIVxOLd3trhmNPUlrJuuyHxUG6b8g.JPEG/POST_IMAGE_ENCODING_20250906_174547_057.jpg,https://search.pstatic.net/common/?type=b150&src=https%3A%2F%2Fpup-post-phinf.pstatic.net%2FMjAyNTA5MDZfMjUg%2FMDAxNzU3MTQ4MzUxNjg2.QbOBSH1E4P5pZkgOkprW4IzMPOB5QPNfnGVJu0S034Ig.Q8eY07UD0K3iSJjEIVxOLd3trhmNPUlrJuuyHxUG6b8g.JPEG%2FPOST_IMAGE_ENCODING_20250906_174547_057.jpg,1080,1440
2026년 목포 특수 숙박 추천 베스트 10 - Tripadvisor 2026년 목포 특수 숙박 추천 베스트 10  - Tripadvisor,https://dynamic-media-cdn.tripadvisor.com/media/photo-o/06/f3/c2/9a/yudal-mountain.jpg?w=2200&h=-1&s=1,https://search.pstatic.net/sunny/?type=b150&src=https%3A%2F%2Fdynamic-media-cdn.tripadvisor.com%2Fmedia%2Fphoto-o%2F06%2Ff3%2Fc2%2F9a%2Fyudal-mountain.jpg%3Fw%3D2200%26h%3D-1%26s%3D1,1130,2000
가정의달 5월 안심여행지 찾아 목포여행!,http://imgnews.naver.net/image/5675/2021/05/07/0000009768_001_20210507111409455.jpg,https://search.pstatic.net/common/?type=b150&src=http%3A%2F%2Fimgnews.naver.net%2Fimage%2F5675%2F2021%2F05%2F07%2F0000009768_001_20210507111409455.jpg,555,960
"전남 완도 목포 무안 영광 고흥 여수 순천 가볼만한 곳, 미식여행 코스 추천 - ◈도보자전거여행길 - 녹색자전거봉사단연합 전남 완도 목포 무안... ",https://t1.daumcdn.net/cafeattach/1Bswa/1170de2a3fa9fd8a5cd5a5f51d664bd31a574e80,https://search.pstatic.net/sunny/?type=b150&src=https%3A%2F%2Ft1.daumcdn.net%2Fcafeattach%2F1Bswa%2F1170de2a3fa9fd8a5cd5a5f51d664bd31a574e80,779,785
호텔현대 바이 라한 목포 ‘목포 테마여행 패키지 체험단’ 모집,http://imgnews.naver.net/image/5133/2019/09/25/0000356947_001_20190925161221767.jpg,https://search.pstatic.net/common/?type=b150&src=http%3A%2F%2Fimgnews.naver.net%2Fimage%2F5133%2F2019%2F09%2F25%2F0000356947_001_20190925161221767.jpg,540,540
"여기어때, 한국관광공사와 '목포 여행' 특별 할인전 선봬",http://imgnews.naver.net/image/5385/2020/09/28/0000433066_001_20200928085547848.jpg,https://search.pstatic.net/common/?type=b150&src=http%3A%2F%2Fimgnews.naver.net%2Fimage%2F5385%2F2020%2F09%2F28%2F0000433066_001_20200928085547848.jpg,493,500
#오늘클립챌린지#유달산#봄나들이#목포해상케이블카#목포여행,https://pup-post-phinf.pstatic.net/MjAyNjA0MjFfMjk3/MDAxNzc2Nzc3NDY3MjE2.ILGUFbkmaT0IBJhm5QSIZ8K8ElT89J3lHToR3JeOH6Yg.QwpBrjd5VZzwnJ1jS1RfAg0rJM0DoesclCBfdCRFeBwg.JPEG/POST_IMAGE_ENCODING_20260421_221746_623.jpg,https://search.pstatic.net/common/?type=b150&src=https%3A%2F%2Fpup-post-phinf.pstatic.net%2FMjAyNjA0MjFfMjk3%2FMDAxNzc2Nzc3NDY3MjE2.ILGUFbkmaT0IBJhm5QSIZ8K8ElT89J3lHToR3JeOH6Yg.QwpBrjd5VZzwnJ1jS1RfAg0rJM0DoesclCBfdCRFeBwg.JPEG%2FPOST_IMAGE_ENCODING_20260421_221746_623.jpg,1440,1080
"[백종원의 3대천왕] 백종원도 반한 남도, 미식의 세계",http://imgnews.naver.net/image/5437/2017/04/24/0000004021_004_20170424151627076.jpg,https://search.pstatic.net/common/?type=b150&src=http%3A%2F%2Fimgnews.naver.net%2Fimage%2F5437%2F2017%2F04%2F24%2F0000004021_004_20170424151627076.jpg,400,600
"[대한민국 구석구석 배틀트립 1탄] 인스타 갬성 물씬,다시 쓰는 목포&영암 3景 3味> 여행기사 :대한민국 구석구석 [대한민국 구석구석 배틀트립... ",https://cdn.visitkorea.or.kr/img/call?cmd=VIEW&id=d0b773eb-a1ca-47de-98b7-421f4b5624a4,https://search.pstatic.net/sunny/?type=b150&src=https%3A%2F%2Fcdn.visitkorea.or.kr%2Fimg%2Fcall%3Fcmd%3DVIEW%26id%3Dd0b773eb-a1ca-47de-98b7-421f4b5624a4,466,700
#오늘여기클립 #목포해상케이블카 #목포여행 #케이블카 #바다 #경치 #전망,https://pup-post-phinf.pstatic.net/MjAyNjAxMDVfNzMg/MDAxNzY3NTc4MTYyMzUy.JMC6eiMbIrxyE2VHHgJqJ7mY_17tjBC1-2SdKZEz7hgg.h5lUzET6JZlSaxl5QKwRRTRTgNEU5Jsgx304pM4Tp3gg.JPEG/POST_IMAGE_ENCODING_20260105_105558_548.jpg,https://search.pstatic.net/common/?type=b150&src=https%3A%2F%2Fpup-post-phinf.pstatic.net%2FMjAyNjAxMDVfNzMg%2FMDAxNzY3NTc4MTYyMzUy.JMC6eiMbIrxyE2VHHgJqJ7mY_17tjBC1-2SdKZEz7hgg.h5lUzET6JZlSaxl5QKwRRTRTgNEU5Jsgx304pM4Tp3gg.JPEG%2FPOST_IMAGE_ENCODING_20260105_105558_548.jpg,1440,1920
네이버 인플루언서 [네이버 인플루언서] 지금 목포 가볼만한곳 핫플 정보 ,https://influencer-phinf.pstatic.net/MjAyNTA4MDJfMjMw/MDAxNzU0MTI5NTE5ODU0.2tf2_xOvki4efepiWHzlWAQeMA9H7RDVgJr-64fKyWog.sLSrEncg4AKBA41TO1hrKgNYxtlYbudupFJOvJI3SdEg.PNG/a5c7.png?type=w700,https://search.pstatic.net/sunny/?type=b150&src=https%3A%2F%2Finfluencer-phinf.pstatic.net%2FMjAyNTA4MDJfMjMw%2FMDAxNzU0MTI5NTE5ODU0.2tf2_xOvki4efepiWHzlWAQeMA9H7RDVgJr-64fKyWog.sLSrEncg4AKBA41TO1hrKgNYxtlYbudupFJOvJI3SdEg.PNG%2Fa5c7.png%3Ftype%3Dw700,643,643
#오늘여기클립 목포여행 갈만한 곳이었다,https://pup-post-phinf.pstatic.net/MjAyNTEyMTBfMjk2/MDAxNzY1MjkzOTcyMjMx.gNhjAaKwS-Bhp_Me1nMEYJIkIhQQ8bwgBHywjBtKNW0g.0_TUneX8c6eJ2ueNvtPm5w7MsJS6U7al4G38KTalIVog.JPEG/POST_IMAGE_ENCODING_20251210_002606_794.jpg,https://search.pstatic.net/common/?type=b150&src=https%3A%2F%2Fpup-post-phinf.pstatic.net%2FMjAyNTEyMTBfMjk2%2FMDAxNzY1MjkzOTcyMjMx.gNhjAaKwS-Bhp_Me1nMEYJIkIhQQ8bwgBHywjBtKNW0g.0_TUneX8c6eJ2ueNvtPm5w7MsJS6U7al4G38KTalIVog.JPEG%2FPOST_IMAGE_ENCODING_20251210_002606_794.jpg,1440,1920
"[이 계절 이 여행] 바다 이야기, 목포",http://imgnews.naver.net/image/586/2023/01/06/0000050486_001_20230106131401688.jpg,https://search.pstatic.net/common/?type=b150&src=http%3A%2F%2Fimgnews.naver.net%2Fimage%2F586%2F2023%2F01%2F06%2F0000050486_001_20230106131401688.jpg,632,960
목포 여행 맛집 10선 - 콧멍에트💛잇게짤털 - ＊여성시대＊ 차분한 20대들의 알흠다운 공간 목포 여행 맛집 10선,https://t1.daumcdn.net/cafeattach/1IHuH/5af1a8af5ba81fc384f845151b725d6bb5d668a4,https://search.pstatic.net/sunny/?type=b150&src=https%3A%2F%2Ft1.daumcdn.net%2Fcafeattach%2F1IHuH%2F5af1a8af5ba81fc384f845151b725d6bb5d668a4,640,480
[전자책] 낭만 항구 목포 워케이션(지자체 지원으로 뚜벅이 일주일 살기 여행) - 예스24 [전자책]낭만 항구 목포 워케이션(지자체 지원으로... ,https://image.yes24.com/goods/122849785/XL,https://search.pstatic.net/sunny/?type=b150&src=https%3A%2F%2Fimage.yes24.com%2Fgoods%2F122849785%2FXL,1000,716
목포 여행 가면 꼭 한번 타볼만한 코스였어요✨  #목포해상케이블카... 국내여행 #아이와여행 #목포데이트 #유달산 #고하도 #목포핫플#오늘클립챌린지,https://pup-post-phinf.pstatic.net/MjAyNjA1MjFfMjUx/MDAxNzc5MzcyNTUxOTk0.UD0C4evTjhzc6LUHIaShlM2YHVfUK14gn-ZbCUvUBT0g.PSLzqnLOVWu2MpgMsRxYd4Rco4ThjwpkX5VlPZTd_eAg.JPEG/BFEB03D0-0462-4B7E-993C-6C25A68F4E4F.jpg,https://search.pstatic.net/common/?type=b150&src=https%3A%2F%2Fpup-post-phinf.pstatic.net%2FMjAyNjA1MjFfMjUx%2FMDAxNzc5MzcyNTUxOTk0.UD0C4evTjhzc6LUHIaShlM2YHVfUK14gn-ZbCUvUBT0g.PSLzqnLOVWu2MpgMsRxYd4Rco4ThjwpkX5VlPZTd_eAg.JPEG%2FBFEB03D0-0462-4B7E-993C-6C25A68F4E4F.jpg,1440,1080
"목포시 원도심, 근대문화유산 야행사업 변신 기대",http://imgnews.naver.net/image/5535/2018/08/16/0000046762_001_20180816163037029.jpg,https://search.pstatic.net/common/?type=b150&src=http%3A%2F%2Fimgnews.naver.net%2Fimage%2F5535%2F2018%2F08%2F16%2F0000046762_001_20180816163037029.jpg,493,350
[여행] 유달산 올라 내려다본 '목포의 눈물',http://imgnews.naver.net/image/018/2016/12/09/PS16120900040g_99_20161209060416.jpg,https://search.pstatic.net/common/?type=b150&src=http%3A%2F%2Fimgnews.naver.net%2Fimage%2F018%2F2016%2F12%2F09%2FPS16120900040g_99_20161209060416.jpg,358,540
2019 생생문화재 '목포개항장 시간여행' 22일 열려 ,http://imgnews.naver.net/image/421/2019/06/21/0004054205_001_20190621151629670.jpg,https://search.pstatic.net/common/?type=b150&src=http%3A%2F%2Fimgnews.naver.net%2Fimage%2F421%2F2019%2F06%2F21%2F0004054205_001_20190621151629670.jpg,1191,1400
은근 레트로 여행하기 좋아보이는 도시 - 인스티즈(instiz) 인티포털 카테고리 은근 레트로 여행하기 좋아보이는 도시,http://file3.instiz.net/data/file3/2022/10/26/1/e/f/1ef8e6608ae9b150ecff9baa4d63c88f.jpg,https://search.pstatic.net/sunny/?type=b150&src=http%3A%2F%2Ffile3.instiz.net%2Fdata%2Ffile3%2F2022%2F10%2F26%2F1%2Fe%2Ff%2F1ef8e6608ae9b150ecff9baa4d63c88f.jpg,533,800
"완도 청산도 여행펜션, 영광·목포·고흥, 전라 - 여기어때 특가",http://image.goodchoice.kr/affiliate/2024/03/13/12/0ffb8b7c-f0c0-4f97-8bc3-c1de292e2c7a-original.jpg,https://search.pstatic.net/sunny/?type=b150&src=http%3A%2F%2Fimage.goodchoice.kr%2Faffiliate%2F2024%2F03%2F13%2F12%2F0ffb8b7c-f0c0-4f97-8bc3-c1de292e2c7a-original.jpg,956,1000
"진도,목포,신안 여행 및 식도락 후기(사진 꽤 많음) - DVDPrime 프라임차한잔 게시판",https://cdn.mania.kr/dvdprime/g2/data/cheditor5/2210/view_thumbnail/mania-done-20221017150846_bepocrmi.jpg,https://search.pstatic.net/sunny/?type=b150&src=https%3A%2F%2Fcdn.mania.kr%2Fdvdprime%2Fg2%2Fdata%2Fcheditor5%2F2210%2Fview_thumbnail%2Fmania-done-20221017150846_bepocrmi.jpg,494,660
숙박비 지원받아 '목포에서 일주일 살아 볼까',http://imgnews.naver.net/image/5675/2021/07/06/0000010532_001_20210706120628181.jpg,https://search.pstatic.net/common/?type=b150&src=http%3A%2F%2Fimgnews.naver.net%2Fimage%2F5675%2F2021%2F07%2F06%2F0000010532_001_20210706120628181.jpg,640,960
목포해상케이블카 미리 타 보니,http://imgnews.naver.net/image/469/2019/09/03/0000419195_001_20190904045722094.jpg,https://search.pstatic.net/common/?type=b150&src=http%3A%2F%2Fimgnews.naver.net%2Fimage%2F469%2F2019%2F09%2F03%2F0000419195_001_20190904045722094.jpg,360,640
목포 여행의 시작과 끝은 유달산,https://img1.daumcdn.net/thumb/R1280x0.fjpg/?fname=https://t1.daumcdn.net/brunch/service/user/c0MI/image/kswIzkiv1qPY6jBQ83wVKesB-a4.jpg,https://search.pstatic.net/sunny/?type=b150&src=https%3A%2F%2Fimg1.daumcdn.net%2Fthumb%2FR1280x0.fjpg%2F%3Ffname%3Dhttps%3A%2F%2Ft1.daumcdn.net%2Fbrunch%2Fservice%2Fuser%2Fc0MI%2Fimage%2FkswIzkiv1qPY6jBQ83wVKesB-a4.jpg,720,1280
"""모든 경비는 내가"" 박원숙, 자매들과 럭셔리 목포 여행 준비 (같이 삽시다3')",http://imgnews.naver.net/image/009/2022/09/06/0005014438_001_20220906211402800.jpg,https://search.pstatic.net/common/?type=b150&src=http%3A%2F%2Fimgnews.naver.net%2Fimage%2F009%2F2022%2F09%2F06%2F0005014438_001_20220906211402800.jpg,670,600
목포 '1천만 관광시대' 날개 달까…지역관광거점도시 선정 '촉각',http://imgnews.naver.net/image/421/2020/01/27/0004427525_002_20200127080036603.jpg,https://search.pstatic.net/common/?type=b150&src=http%3A%2F%2Fimgnews.naver.net%2Fimage%2F421%2F2020%2F01%2F27%2F0004427525_002_20200127080036603.jpg,934,1400
겨울 목포 여행 ❄️💙 | 트립닷컴 목포 겨울 목포 여행 ❄️💙 | 트립닷컴 목포 ,https://ak-d.tripcdn.com/images/1i6412215dgznc5009429_W_640_0_R5_Q80.jpg?proc=source/trip,https://search.pstatic.net/sunny/?type=b150&src=https%3A%2F%2Fak-d.tripcdn.com%2Fimages%2F1i6412215dgznc5009429_W_640_0_R5_Q80.jpg%3Fproc%3Dsource%2Ftrip,853,640
#목포해상케이블카 #목포여행 #목포가볼만한곳 #목포가족여행 #목포데이트 #목포관광 #유달산 #목포바다 #국내여행 #전남여행 #오늘여기... ,https://pup-post-phinf.pstatic.net/MjAyNjA1MDRfMzQg/MDAxNzc3ODgyMTQyMTE3.k3mZWnHWO0ghbWnXf6U80TGLvY4SyXFOzReMNkLdDbUg.y9qDyCydcu1pfDfV8Cy6ThC0jSpID621sMSqQupkdXcg.JPEG/POST_IMAGE_ENCODING_20260504_170859_120.jpg,https://search.pstatic.net/common/?type=b150&src=https%3A%2F%2Fpup-post-phinf.pstatic.net%2FMjAyNjA1MDRfMzQg%2FMDAxNzc3ODgyMTQyMTE3.k3mZWnHWO0ghbWnXf6U80TGLvY4SyXFOzReMNkLdDbUg.y9qDyCydcu1pfDfV8Cy6ThC0jSpID621sMSqQupkdXcg.JPEG%2FPOST_IMAGE_ENCODING_20260504_170859_120.jpg,1440,1920
‘남도 목포에서 한달 여행하기’사업 쾌속 출발,http://imgnews.naver.net/image/5239/2019/07/08/443277_image_1_20190708124220814.jpg,https://search.pstatic.net/common/?type=b150&src=http%3A%2F%2Fimgnews.naver.net%2Fimage%2F5239%2F2019%2F07%2F08%2F443277_image_1_20190708124220814.jpg,280,540
"""여름 여행, 여기 어때?"" 바다와 함께 걷는 아름다운 목포의 매력 여행지 BEST 5 < 국내 여행 < 기사본문 - 여행톡톡 ""여름 여행, 여기 어때?... ",https://cdn.tourtoctoc.com/news/photo/202406/5425_32951_3359.jpg,https://search.pstatic.net/sunny/?type=b150&src=https%3A%2F%2Fcdn.tourtoctoc.com%2Fnews%2Fphoto%2F202406%2F5425_32951_3359.jpg,628,1200
"목포시, 유달유원지 전남도 7월 ‘이달의 추천관광지’ 선정",http://imgnews.naver.net/image/5270/2021/06/22/20210622000105_0700_20210622145209219.jpg,https://search.pstatic.net/common/?type=b150&src=http%3A%2F%2Fimgnews.naver.net%2Fimage%2F5270%2F2021%2F06%2F22%2F20210622000105_0700_20210622145209219.jpg,394,700
"홍도, 흑산도 단기 속성 여행",https://img1.daumcdn.net/thumb/R1280x0.fjpg/?fname=http://t1.daumcdn.net/brunch/service/user/7ETe/image/m7L_PAjXu9F-sf4C81_1VuVNKTY.jpg,https://search.pstatic.net/sunny/?type=b150&src=https%3A%2F%2Fimg1.daumcdn.net%2Fthumb%2FR1280x0.fjpg%2F%3Ffname%3Dhttp%3A%2F%2Ft1.daumcdn.net%2Fbrunch%2Fservice%2Fuser%2F7ETe%2Fimage%2Fm7L_PAjXu9F-sf4C81_1VuVNKTY.jpg,853,1280
전남도 '올가을 비대면 관광지 100선' 중 7곳 선정돼,http://imgnews.naver.net/image/5041/2020/11/03/0000630031_001_20201103225920372.jpg,https://search.pstatic.net/common/?type=b150&src=http%3A%2F%2Fimgnews.naver.net%2Fimage%2F5041%2F2020%2F11%2F03%2F0000630031_001_20201103225920372.jpg,555,740
아이랑 여행 53 - 목포해상케이블카,https://img1.daumcdn.net/thumb/R1280x0.fjpg/?fname=http://t1.daumcdn.net/brunch/service/user/9Fgn/image/OqqZLpnago1F5gUw1TGZxRGfroo.jpg,https://search.pstatic.net/sunny/?type=b150&src=https%3A%2F%2Fimg1.daumcdn.net%2Fthumb%2FR1280x0.fjpg%2F%3Ffname%3Dhttp%3A%2F%2Ft1.daumcdn.net%2Fbrunch%2Fservice%2Fuser%2F9Fgn%2Fimage%2FOqqZLpnago1F5gUw1TGZxRGfroo.jpg,1706,1280
"낭만과 맛의 도시, 목포로 떠나는 여름 여행",http://imgnews.naver.net/image/5041/2024/08/05/0000982218_001_20240805060015500.jpg,https://search.pstatic.net/common/?type=b150&src=http%3A%2F%2Fimgnews.naver.net%2Fimage%2F5041%2F2024%2F08%2F05%2F0000982218_001_20240805060015500.jpg,394,600
"목포시, 전남도 5월 가정의 달 안심여행 대표 관광지 선정",http://imgnews.naver.net/image/5535/2021/05/07/0000321441_001_20210507121215365.jpg,https://search.pstatic.net/common/?type=b150&src=http%3A%2F%2Fimgnews.naver.net%2Fimage%2F5535%2F2021%2F05%2F07%2F0000321441_001_20210507121215365.jpg,388,600
목포시 홍보 웹툰 제 4화 : 가을여행은 낭만항구 목포로(목포가을페스티벌) - 목포시  목포시 홍보 웹툰 제 4화 : 가을여행은 낭만항구 목포로... ,https://www.mokpo.go.kr/www/mokpo_news/ybmodule.file/board/webtoon/980x1x100/1567732238.jpg,https://search.pstatic.net/sunny/?type=b150&src=https%3A%2F%2Fwww.mokpo.go.kr%2Fwww%2Fmokpo_news%2Fybmodule.file%2Fboard%2Fwebtoon%2F980x1x100%2F1567732238.jpg,980,980
"나를 위한 선물, 목포 여행",https://img1.daumcdn.net/thumb/R1280x0.fpng/?fname=http://t1.daumcdn.net/brunch/service/user/833e/image/AsMgBAuNr4f6CdMbaYUMSvYqEEU.png,https://search.pstatic.net/sunny/?type=b150&src=https%3A%2F%2Fimg1.daumcdn.net%2Fthumb%2FR1280x0.fpng%2F%3Ffname%3Dhttp%3A%2F%2Ft1.daumcdn.net%2Fbrunch%2Fservice%2Fuser%2F833e%2Fimage%2FAsMgBAuNr4f6CdMbaYUMSvYqEEU.png,960,1280
전남가볼만한곳 #가족여행 #주말여행 #주말드라이브 #드라이브코스 #등대여행 #숨은명소 #목포근교여행 #해남드라이브 #네이버클립 #클립크리에이터,https://pup-post-phinf.pstatic.net/MjAyNjA2MTVfMjk5/MDAxNzgxNTE0OTMzOTgz.NLuXQSyk-iPaXey8nTgnsb6nZQDvBjVDnx10cF0wtLog.zrIwvGdHt8Gsu81XIBVN8kyNFOiIlKrBPTLxiC_XqLcg.JPEG/PostEncodingTask.01322E95-3705-4CF5-BBA3-1517D062D2C6.jpg,https://search.pstatic.net/common/?type=b150&src=https%3A%2F%2Fpup-post-phinf.pstatic.net%2FMjAyNjA2MTVfMjk5%2FMDAxNzgxNTE0OTMzOTgz.NLuXQSyk-iPaXey8nTgnsb6nZQDvBjVDnx10cF0wtLog.zrIwvGdHt8Gsu81XIBVN8kyNFOiIlKrBPTLxiC_XqLcg.JPEG%2FPostEncodingTask.01322E95-3705-4CF5-BBA3-1517D062D2C6.jpg,1440,1080
한여름 목포를 그리다 - 2022년 목포 여행 사진 일기,https://blog.kakaocdn.net/dna/bRo6qt/btrJMzyTxjf/AAAAAAAAAAAAAAAAAAAAANgzdtoaG0qknlzGx1sDlVaMw45niOkRYXN2DEaXyjUg/img.jpg?credential=yqXZFxpELC7KVnFOS48ylbz2pIh7yKj8&expires=1785509999&allow_ip=&allow_referer=&signature=xYecTXoj6oCk4r8b7V0%2Fgx138tA%3D,https://search.pstatic.net/sunny/?type=b150&src=https%3A%2F%2Fblog.kakaocdn.net%2Fdna%2FbRo6qt%2FbtrJMzyTxjf%2FAAAAAAAAAAAAAAAAAAAAANgzdtoaG0qknlzGx1sDlVaMw45niOkRYXN2DEaXyjUg%2Fimg.jpg%3Fcredential%3DyqXZFxpELC7KVnFOS48ylbz2pIh7yKj8%26expires%3D1785509999%26allow_ip%3D%26allow_referer%3D%26signature%3DxYecTXoj6oCk4r8b7V0%252Fgx138tA%253D,3000,3000
'낭만항구 목포여행 매력' 유튜브로 만나세요!,http://imgnews.naver.net/image/5675/2020/10/19/0000007404_002_20201019181029478.jpg,https://search.pstatic.net/common/?type=b150&src=http%3A%2F%2Fimgnews.naver.net%2Fimage%2F5675%2F2020%2F10%2F19%2F0000007404_002_20201019181029478.jpg,538,960
바다가 너무 예쁜곳🌊❤️ #전남#목포#유달산#유달산공원 #오늘클립챌린지 #봄나들이,https://pup-post-phinf.pstatic.net/MjAyNjA0MjdfMTYw/MDAxNzc3MzAxOTAzMjgz.wh3ZLcfwAOSBJHKcpqAB-xgcBompDeX4T1nD-DIEazwg.t0gTZNdqPmAUoDN6rqWzpbhLrY1a9lrF5GjqG-MNl_0g.JPEG/AA3ABD8C-6CD9-4EF8-BDA1-17D146068188.jpg,https://search.pstatic.net/common/?type=b150&src=https%3A%2F%2Fpup-post-phinf.pstatic.net%2FMjAyNjA0MjdfMTYw%2FMDAxNzc3MzAxOTAzMjgz.wh3ZLcfwAOSBJHKcpqAB-xgcBompDeX4T1nD-DIEazwg.t0gTZNdqPmAUoDN6rqWzpbhLrY1a9lrF5GjqG-MNl_0g.JPEG%2FAA3ABD8C-6CD9-4EF8-BDA1-17D146068188.jpg,1440,1080
"12월 여행, 노래와 함께 떠나볼까…'광화문 연가'·'소양강 처녀'",http://imgnews.naver.net/image/003/2019/11/27/NISI20191127_0000436822_web_20191127113455_20191127114309172.jpg,https://search.pstatic.net/common/?type=b150&src=http%3A%2F%2Fimgnews.naver.net%2Fimage%2F003%2F2019%2F11%2F27%2FNISI20191127_0000436822_web_20191127113455_20191127114309172.jpg,426,640
"(이강의 테마여행)근대문화 1번지, 목포로 떠나는 겨울여행",http://imgnews.naver.net/image/5119/2015/12/20/001(12)_99_20151220125024.JPG,https://search.pstatic.net/common/?type=b150&src=http%3A%2F%2Fimgnews.naver.net%2Fimage%2F5119%2F2015%2F12%2F20%2F001%2812%29_99_20151220125024.JPG,2400,3646
"원코스 전라도01 목포 (유달산, 노적봉, 목포근대역사관, 삼학도, 갓바위문화타운) - 리디북스원코스 전라도01 목포",https://misc.ridibooks.com/cover/2014000213/xxlarge,https://search.pstatic.net/sunny/?type=b150&src=https%3A%2F%2Fmisc.ridibooks.com%2Fcover%2F2014000213%2Fxxlarge,693,480
리테의 브런치스토리,https://img1.daumcdn.net/thumb/C560x560.fwebp/?fname=http://t1.daumcdn.net/brunch/service/user/1PRq/image/yeTr21D8czKxTPKYD2oxRyO7vIw,https://search.pstatic.net/sunny/?type=b150&src=https%3A%2F%2Fimg1.daumcdn.net%2Fthumb%2FC560x560.fwebp%2F%3Ffname%3Dhttp%3A%2F%2Ft1.daumcdn.net%2Fbrunch%2Fservice%2Fuser%2F1PRq%2Fimage%2FyeTr21D8czKxTPKYD2oxRyO7vIw,560,560
'청정 태고의 섬' 기기묘묘 환상 비경에 탄성이 절로 [테마여행],http://imgnews.naver.net/image/5870/2024/07/20/0000006204_010_20240808100624139.jpeg,https://search.pstatic.net/common/?type=b150&src=http%3A%2F%2Fimgnews.naver.net%2Fimage%2F5870%2F2024%2F07%2F20%2F0000006204_010_20240808100624139.jpeg,540,960
#오늘클립챌린지 #목포바다분수 #목포여행,https://pup-post-phinf.pstatic.net/MjAyNjA1MjVfMjI0/MDAxNzc5NjcwNjMzODQ1.UW-2upFnBACOss9lPMJV3JCT41RvxDefw1c4Z3BuGi4g.WgL01woUSgefUCTjfGxpVaKGIF7qe-cdBgkgtOShxaQg.JPEG/POST_IMAGE_ENC_20260525_095647_379.jpg,https://search.pstatic.net/common/?type=b150&src=https%3A%2F%2Fpup-post-phinf.pstatic.net%2FMjAyNjA1MjVfMjI0%2FMDAxNzc5NjcwNjMzODQ1.UW-2upFnBACOss9lPMJV3JCT41RvxDefw1c4Z3BuGi4g.WgL01woUSgefUCTjfGxpVaKGIF7qe-cdBgkgtOShxaQg.JPEG%2FPOST_IMAGE_ENC_20260525_095647_379.jpg,1080,1440
#오늘여기클립  추석연휴 목포 오면 필수코스 대반동  #목포 #목포여행 #목포대교 #스카이워크 #대반동,https://pup-post-phinf.pstatic.net/MjAyNTEwMDdfMTc3/MDAxNzU5ODEyNTIyOTY5.X-ywekRoHFS-_h4GdT0qyatXBy8-AC5_IjMNqUD-wL4g.i7bSM7c4DjyeHSzzFiJT5N30aOhry1VteEnWy1XAWhkg.JPEG/B7B3F4B3-A961-4B91-B754-D36DECB558C8.jpg,https://search.pstatic.net/common/?type=b150&src=https%3A%2F%2Fpup-post-phinf.pstatic.net%2FMjAyNTEwMDdfMTc3%2FMDAxNzU5ODEyNTIyOTY5.X-ywekRoHFS-_h4GdT0qyatXBy8-AC5_IjMNqUD-wL4g.i7bSM7c4DjyeHSzzFiJT5N30aOhry1VteEnWy1XAWhkg.JPEG%2FB7B3F4B3-A961-4B91-B754-D36DECB558C8.jpg,810,1080
목포 스카이워크> 여행지 | '열린 관광' 모두의 여행:대한민국 구석구석,https://cdn.visitkorea.or.kr/img/call?cmd=VIEW&id=c693000c-582c-41ab-b860-7fda6884acb1,https://search.pstatic.net/sunny/?type=b150&src=https%3A%2F%2Fcdn.visitkorea.or.kr%2Fimg%2Fcall%3Fcmd%3DVIEW%26id%3Dc693000c-582c-41ab-b860-7fda6884acb1,3778,5680
5월30일~31일(1박2일) 07:00 남도 기행※고 품격 멋 기행☆땅끝 모노레이 ※가우도 출렁다리※목포 해상 케이블카 - ◈5월 여행지 예약... ,https://t1.daumcdn.net/cafeattach/16r7B/0f75d8de7aa6a7190a92eaa19e04fd893bb69999,https://search.pstatic.net/sunny/?type=b150&src=https%3A%2F%2Ft1.daumcdn.net%2Fcafeattach%2F16r7B%2F0f75d8de7aa6a7190a92eaa19e04fd893bb69999,510,680
