title,link,thumbnail,sizeheight,sizewidth
수원교구 마리아사제운동 체나콜로 - YouTube 수원교구 마리아사제운동 체나콜로,https://yt3.googleusercontent.com/eaiLRypzpL8zAMXeLqXvUwbb05ZcCl8eqnl5wpu-8iq8sHk0hfyAeGFav0WupLBrhhp7036row=s900-c-k-c0x00ffffff-no-rj,https://search.pstatic.net/sunny/?type=b150&src=https%3A%2F%2Fyt3.googleusercontent.com%2FeaiLRypzpL8zAMXeLqXvUwbb05ZcCl8eqnl5wpu-8iq8sHk0hfyAeGFav0WupLBrhhp7036row%3Ds900-c-k-c0x00ffffff-no-rj,900,900
교구 체나콜로 대피정·성체성혈 대피정 4년만에 개최,http://imgnews.naver.net/image/5252/2023/06/27/0000046372_002_20230627171624446.JPG,https://search.pstatic.net/common/?type=b150&src=http%3A%2F%2Fimgnews.naver.net%2Fimage%2F5252%2F2023%2F06%2F27%2F0000046372_002_20230627171624446.JPG,416,625
대구대교구 마리아사제운동 체나콜로 - YouTube 대구대교구 마리아사제운동 체나콜로,https://yt3.googleusercontent.com/PHrYXZ_Ihc3PK3X_sUIbkbUi9pVvW2agBY45YQ45q0sINaK36NIbUxfVdIGilCzjuDUK3Jjk9w=s900-c-k-c0x00ffffff-no-rj,https://search.pstatic.net/sunny/?type=b150&src=https%3A%2F%2Fyt3.googleusercontent.com%2FPHrYXZ_Ihc3PK3X_sUIbkbUi9pVvW2agBY45YQ45q0sINaK36NIbUxfVdIGilCzjuDUK3Jjk9w%3Ds900-c-k-c0x00ffffff-no-rj,900,900
[우리 이웃 이야기] 교구 체나콜로 봉사회 정진숙 회장,http://imgnews.naver.net/image/5252/2019/12/11/0000032990_001_20191211112814757.JPG,https://search.pstatic.net/common/?type=b150&src=http%3A%2F%2Fimgnews.naver.net%2Fimage%2F5252%2F2019%2F12%2F11%2F0000032990_001_20191211112814757.JPG,448,284
마리아 사제운동 ‘체나콜로 대피정’,http://imgnews.naver.net/image/5252/2017/10/18/0000022477_002_20171018114030547.JPG,https://search.pstatic.net/common/?type=b150&src=http%3A%2F%2Fimgnews.naver.net%2Fimage%2F5252%2F2017%2F10%2F18%2F0000022477_002_20171018114030547.JPG,417,625
마리아 사제운동 전국 체나콜로 대피정,http://imgnews.naver.net/image/5252/2022/11/22/0000044203_002_20221122195624390.JPG,https://search.pstatic.net/common/?type=b150&src=http%3A%2F%2Fimgnews.naver.net%2Fimage%2F5252%2F2022%2F11%2F22%2F0000044203_002_20221122195624390.JPG,417,625
서울대교구 마리아 사제운동(M.S.M) 체나콜로 - YouTube 서울대교구 마리아 사제운동(M.S.M) 체나콜로,https://yt3.googleusercontent.com/8Fxec7ejnW0POKSphxh9lJOykJ_SdbtQQfBlluJq8Tv7Xy6LwpQRC0puCt-O30ZTPMDP2BbET44=s900-c-k-c0x00ffffff-no-rj,https://search.pstatic.net/sunny/?type=b150&src=https%3A%2F%2Fyt3.googleusercontent.com%2F8Fxec7ejnW0POKSphxh9lJOykJ_SdbtQQfBlluJq8Tv7Xy6LwpQRC0puCt-O30ZTPMDP2BbET44%3Ds900-c-k-c0x00ffffff-no-rj,900,900
"마리아사제운동, 부천서 전국 체나콜로 대피정 ",http://imgnews.naver.net/image/5252/2017/11/29/0000023213_002_20171129114024653.JPG,https://search.pstatic.net/common/?type=b150&src=http%3A%2F%2Fimgnews.naver.net%2Fimage%2F5252%2F2017%2F11%2F29%2F0000023213_002_20171129114024653.JPG,313,625
대구 마리아 사제운동 체나콜로 1일 피정,http://imgnews.naver.net/image/5252/2023/12/12/0000047961_003_20231212180036148.JPG,https://search.pstatic.net/common/?type=b150&src=http%3A%2F%2Fimgnews.naver.net%2Fimage%2F5252%2F2023%2F12%2F12%2F0000047961_003_20231212180036148.JPG,423,625
"수원교구 마리아사제운동 체나콜로, 2026 대피정",http://imgnews.naver.net/image/5252/2026/04/27/0000057027_001_20260427171020802.jpg,https://search.pstatic.net/common/?type=b150&src=http%3A%2F%2Fimgnews.naver.net%2Fimage%2F5252%2F2026%2F04%2F27%2F0000057027_001_20260427171020802.jpg,752,1280
천주교 부산교구 교구소식 천주교 부산교구,http://www.catholicbusan.or.kr/files/attach/images/264/767/118/001/20d882e53e73840f1dd2f20cf0f50069.JPG,https://search.pstatic.net/sunny/?type=b150&src=http%3A%2F%2Fwww.catholicbusan.or.kr%2Ffiles%2Fattach%2Fimages%2F264%2F767%2F118%2F001%2F20d882e53e73840f1dd2f20cf0f50069.JPG,682,1024
"보타니코 | 세상의 모든 여행, 위시빈",https://img-wishbeen.akamaized.net/profile/1418822008011_2522_654532104591188_1977816672_n.jpg,https://search.pstatic.net/sunny/?type=b150&src=https%3A%2F%2Fimg-wishbeen.akamaized.net%2Fprofile%2F1418822008011_2522_654532104591188_1977816672_n.jpg,960,750
Pentecost showing the Virgin surrounded by 12 apostles - Wikidata Pentecost showing the Virgin surrounded by 12 apostles,https://upload.wikimedia.org/wikipedia/commons/thumb/1/1a/Follower_of_Simon_Marmion_-_Pentecost_showing_the_Virgin_surrounded_by_12_apostles.jpg/960px-Follower_of_Simon_Marmion_-_Pentecost_showing_the_Virgin_surrounded_by_12_apostles.jpg,https://search.pstatic.net/sunny/?type=b150&src=https%3A%2F%2Fupload.wikimedia.org%2Fwikipedia%2Fcommons%2Fthumb%2F1%2F1a%2FFollower_of_Simon_Marmion_-_Pentecost_showing_the_Virgin_surrounded_by_12_apostles.jpg%2F960px-Follower_of_Simon_Marmion_-_Pentecost_showing_the_Virgin_surrounded_by_12_apostles.jpg,1297,960
수원교구 마리아사제운동 체나콜로 월례미사,http://imgnews.naver.net/image/5234/2023/08/16/0000112236_001_20230816185001496.jpg,https://search.pstatic.net/common/?type=b150&src=http%3A%2F%2Fimgnews.naver.net%2Fimage%2F5234%2F2023%2F08%2F16%2F0000112236_001_20230816185001496.jpg,360,640
[체나콜로 아트포레] aki님의 리뷰 2025/9/25,https://d2uja84sd90jmv.cloudfront.net/posts/Z8bgucaqC3--5h1MyFZlEw/ms.jpg?updated=-62167392000,https://search.pstatic.net/sunny/?type=b150&src=https%3A%2F%2Fd2uja84sd90jmv.cloudfront.net%2Fposts%2FZ8bgucaqC3--5h1MyFZlEw%2Fms.jpg%3Fupdated%3D-62167392000,540,720
"TH 아시시 - 호텔 체나콜로, 최저가 55,218원(3̶2̶2̶,̶9̶4̶9̶원̶)부터. 아시시 호텔 - KAYAK",https://www.kayak.co.kr/rimg/himg/ba/0f/dc/expedia_group-340069-3b333a-211390.jpg?width=836&height=607&crop=true,https://search.pstatic.net/sunny/?type=b150&src=https%3A%2F%2Fwww.kayak.co.kr%2Frimg%2Fhimg%2Fba%2F0f%2Fdc%2Fexpedia_group-340069-3b333a-211390.jpg%3Fwidth%3D836%26height%3D607%26crop%3Dtrue,607,836
한국 신자들과 사제들의 성모 신심에 감동 ‘엄지 척’,http://imgnews.naver.net/image/5234/2022/12/07/0000108037_001_20221207075006594.jpg,https://search.pstatic.net/common/?type=b150&src=http%3A%2F%2Fimgnews.naver.net%2Fimage%2F5234%2F2022%2F12%2F07%2F0000108037_001_20221207075006594.jpg,702,600
"이태리 본토 홈메이드 스타일 요리, 체나콜로 트라토리아 - AI 딩코의 맛집 공략",https://www.diningcode.com/_next/image?url=https%3A%2F%2Fd12zq4w4guyljn.cloudfront.net%2F750_750_20210607073627264_photo_5fada43815bc.jpg&w=1080&q=75,https://search.pstatic.net/sunny/?type=b150&src=https%3A%2F%2Fwww.diningcode.com%2F_next%2Fimage%3Furl%3Dhttps%253A%252F%252Fd12zq4w4guyljn.cloudfront.net%252F750_750_20210607073627264_photo_5fada43815bc.jpg%26w%3D1080%26q%3D75,750,750
"체나콜로 트라토리아 - 인천, 중구, 해안동2가 | 맛집검색 식신",https://img.siksinhot.com/place/1670820480610311.jpg,https://search.pstatic.net/sunny/?type=b150&src=https%3A%2F%2Fimg.siksinhot.com%2Fplace%2F1670820480610311.jpg,1280,1280
체나콜로 아트포레,https://ldb-phinf.pstatic.net/20231123_80/1700702207873v8FOd_JPEG/A88C8FA2-651B-40C5-80ED-DF741C899418.JPG,https://search.pstatic.net/common/?type=b150&src=https%3A%2F%2Fldb-phinf.pstatic.net%2F20231123_80%2F1700702207873v8FOd_JPEG%2FA88C8FA2-651B-40C5-80ED-DF741C899418.JPG,1080,1440
#오늘여기클립 #체나콜로아트포레,https://pup-post-phinf.pstatic.net/MjAyNTEyMjZfMTE0/MDAxNzY2NzU3NTQxMjgz.uIJhWhF_9Y7dzAjrbRQRUVqov-A_9X7QePmk796u3Qsg.hIt4u7HM_ieixZyNC0YAa3Rtz5KNju7pjzqM_9WWm7cg.JPEG/POST_IMAGE_ENCODING_20251226_225900_316.jpg,https://search.pstatic.net/common/?type=b150&src=https%3A%2F%2Fpup-post-phinf.pstatic.net%2FMjAyNTEyMjZfMTE0%2FMDAxNzY2NzU3NTQxMjgz.uIJhWhF_9Y7dzAjrbRQRUVqov-A_9X7QePmk796u3Qsg.hIt4u7HM_ieixZyNC0YAa3Rtz5KNju7pjzqM_9WWm7cg.JPEG%2FPOST_IMAGE_ENCODING_20251226_225900_316.jpg,1080,1440
마리아사제운동 ‘체나콜로’ 대피정,http://imgnews.naver.net/image/5252/2018/10/17/0000028083_002_20181017111814009.JPG,https://search.pstatic.net/common/?type=b150&src=http%3A%2F%2Fimgnews.naver.net%2Fimage%2F5252%2F2018%2F10%2F17%2F0000028083_002_20181017111814009.JPG,324,625
#오늘클립챌린지 #체나콜로 #송도 #맛집,https://pup-post-phinf.pstatic.net/MjAyNjA2MjhfMTgy/MDAxNzgyNjQ0MjU1Mjk4.Is0szF8BktYc1yUup7omJ00OKzKSjR_qjzNRBlbUqVYg.OTG5rLNuTW61ziWHDM4ry7WzAwmPCBH6K7_b8_sv5nYg.JPEG/PostEncodingTask.AC74260E-9F66-404E-A4B1-B873C751CC15.jpg,https://search.pstatic.net/common/?type=b150&src=https%3A%2F%2Fpup-post-phinf.pstatic.net%2FMjAyNjA2MjhfMTgy%2FMDAxNzgyNjQ0MjU1Mjk4.Is0szF8BktYc1yUup7omJ00OKzKSjR_qjzNRBlbUqVYg.OTG5rLNuTW61ziWHDM4ry7WzAwmPCBH6K7_b8_sv5nYg.JPEG%2FPostEncodingTask.AC74260E-9F66-404E-A4B1-B873C751CC15.jpg,1440,1080
함께하는 가톨릭 기도 (체나콜로) - YouTube 함께하는 가톨릭 기도 (체나콜로),https://yt3.googleusercontent.com/m0tZ8VJxrxk5K1MS-G9KhLvwsbsubtP1PYH9pYfmBwmtZ6I74lEKtGPdzfOXPXfT4sjO0NBy=s900-c-k-c0x00ffffff-no-rj,https://search.pstatic.net/sunny/?type=b150&src=https%3A%2F%2Fyt3.googleusercontent.com%2Fm0tZ8VJxrxk5K1MS-G9KhLvwsbsubtP1PYH9pYfmBwmtZ6I74lEKtGPdzfOXPXfT4sjO0NBy%3Ds900-c-k-c0x00ffffff-no-rj,900,900
수원교구 마리아 사제운동 체나콜로 대피정,http://imgnews.naver.net/image/5252/2019/12/04/0000032911_002_20191204135410004.JPG,https://search.pstatic.net/common/?type=b150&src=http%3A%2F%2Fimgnews.naver.net%2Fimage%2F5252%2F2019%2F12%2F04%2F0000032911_002_20191204135410004.JPG,298,625
TH 아시시 - 호텔 체나콜로 (TH Assisi - Hotel Cenacolo) 실제 이용후기 및 할인 특가,https://pix10.agoda.net/hotelImages/226349/0/c6b99f0a1c2ba0e2668864ca923920a0.jpeg?s=1024x768,https://search.pstatic.net/sunny/?type=b150&src=https%3A%2F%2Fpix10.agoda.net%2FhotelImages%2F226349%2F0%2Fc6b99f0a1c2ba0e2668864ca923920a0.jpeg%3Fs%3D1024x768,768,1024
#협찬  아트포레 분위기 좋은 이탈리안 식당 가격은 쬐끔 나가는 편이나 분위기는 만족스러웠던 곳  #체나콜로아트포레 #아트포레맛집 #송도맛집... ,https://pup-post-phinf.pstatic.net/MjAyNTExMDRfMTkw/MDAxNzYyMjMzMzY5OTAy.Gk_RYnSIaeToterte5DKdZRNFVKVVJg-NRNPMveDCbsg.bAZ08TwImF-GjP2DYnIu0ZYJvZL7v6Ibh3dbp0l0KvYg.JPEG/5EF805F9-9271-486F-9ED9-69399FA8F6C4.jpg,https://search.pstatic.net/common/?type=b150&src=https%3A%2F%2Fpup-post-phinf.pstatic.net%2FMjAyNTExMDRfMTkw%2FMDAxNzYyMjMzMzY5OTAy.Gk_RYnSIaeToterte5DKdZRNFVKVVJg-NRNPMveDCbsg.bAZ08TwImF-GjP2DYnIu0ZYJvZL7v6Ibh3dbp0l0KvYg.JPEG%2F5EF805F9-9271-486F-9ED9-69399FA8F6C4.jpg,1440,1080
"밀라노의 정신, 보로메오 대주교와 만초니",https://img1.daumcdn.net/thumb/R1280x0.fwebp/?fname=https://t1.daumcdn.net/brunch/service/user/4Npi/image/z1PwxleG9VV2ZVKIgnHPASUGxhY,https://search.pstatic.net/sunny/?type=b150&src=https%3A%2F%2Fimg1.daumcdn.net%2Fthumb%2FR1280x0.fwebp%2F%3Ffname%3Dhttps%3A%2F%2Ft1.daumcdn.net%2Fbrunch%2Fservice%2Fuser%2F4Npi%2Fimage%2Fz1PwxleG9VV2ZVKIgnHPASUGxhY,719,1280
소박한 이탈리안 가정식 요리를 즐길 수 있는 인천 개항장 `체나콜로 (CENACOLO)`,http://imgnews.naver.net/image/009/2020/04/06/0004551635_004_20200406150206071.JPG,https://search.pstatic.net/common/?type=b150&src=http%3A%2F%2Fimgnews.naver.net%2Fimage%2F009%2F2020%2F04%2F06%2F0004551635_004_20200406150206071.JPG,433,650
체나콜로 아트포레 🌿 송도맛집 아트포레맛집... 체나콜로 #유월 날이 뜨겁습니다. 여전히 뜨겁게 진심으로 만듭니다~ #체나콜로아트포레... ,https://scontent-nrt1-2.cdninstagram.com/v/t51.29350-15/448660769_1193609508737723_2128827820107000893_n.jpg,https://search.pstatic.net/sunny/?type=b150&src=https%3A%2F%2Fscontent-nrt1-2.cdninstagram.com%2Fv%2Ft51.29350-15%2F448660769_1193609508737723_2128827820107000893_n.jpg,640,640
[체나콜로] 동네주민님의 추천 포스트 2020/12/30,https://d2uja84sd90jmv.cloudfront.net/posts/4BYu8cJRsmen37udL005xw/m.jpg,https://search.pstatic.net/sunny/?type=b150&src=https%3A%2F%2Fd2uja84sd90jmv.cloudfront.net%2Fposts%2F4BYu8cJRsmen37udL005xw%2Fm.jpg,1024,1024
#오늘클립챌린지 #체나콜로아트포레 #송도데이트 #송도아트포레맛집 #송도데이트코스 #송도맛집추천 #송도파스타,https://pup-post-phinf.pstatic.net/MjAyNjA3MjVfMTE5/MDAxNzg0OTQ4MTQ0ODEz.LVT2dOQCjXsm6RaU1NORtf7tArcbBo-4qqJyayrAMocg.v8gO24q34s1qXaFSWrDCIhPsBuSqizQkzodZ2nXZuXkg.JPEG/PostEncodingTask.17170D4F-D7C5-48C4-AB88-4C9D9919FA22.jpg,https://search.pstatic.net/common/?type=b150&src=https%3A%2F%2Fpup-post-phinf.pstatic.net%2FMjAyNjA3MjVfMTE5%2FMDAxNzg0OTQ4MTQ0ODEz.LVT2dOQCjXsm6RaU1NORtf7tArcbBo-4qqJyayrAMocg.v8gO24q34s1qXaFSWrDCIhPsBuSqizQkzodZ2nXZuXkg.JPEG%2FPostEncodingTask.17170D4F-D7C5-48C4-AB88-4C9D9919FA22.jpg,1440,1080
"체나콜로에서, 아버지의 뜻이 | 박소영 요셉 - 교보문고",https://contents.kyobobook.co.kr/sih/fit-in/458x0/pdt/1400000923955.jpg,https://search.pstatic.net/sunny/?type=b150&src=https%3A%2F%2Fcontents.kyobobook.co.kr%2Fsih%2Ffit-in%2F458x0%2Fpdt%2F1400000923955.jpg,662,458
체나콜로. 김연준 신부님. - 미스터리 갤러리,https://i.ytimg.com/vi/KcJLT0NMQIU/maxresdefault.jpg,https://search.pstatic.net/sunny/?type=b150&src=https%3A%2F%2Fi.ytimg.com%2Fvi%2FKcJLT0NMQIU%2Fmaxresdefault.jpg,720,1280
체나콜로 다락방기도 - YouTube 체나콜로 다락방기도,https://yt3.googleusercontent.com/8kWRl5gJ8qOrlZ774NV97BX-qvTR3gWL7Dn97JIsKQXacWW7u2IpLQ3KCk8g9D0o-dDlrQGxTIw=s900-c-k-c0x00ffffff-no-rj,https://search.pstatic.net/sunny/?type=b150&src=https%3A%2F%2Fyt3.googleusercontent.com%2F8kWRl5gJ8qOrlZ774NV97BX-qvTR3gWL7Dn97JIsKQXacWW7u2IpLQ3KCk8g9D0o-dDlrQGxTIw%3Ds900-c-k-c0x00ffffff-no-rj,900,900
CPBC ‘세계 평화를 위한 고리기도 운동’ 참여 신심단체 / (2) 마리아 사제운동 체나콜로,http://imgnews.naver.net/image/5234/2022/11/30/0000107938_001_20221207174003101.jpg,https://search.pstatic.net/common/?type=b150&src=http%3A%2F%2Fimgnews.naver.net%2Fimage%2F5234%2F2022%2F11%2F30%2F0000107938_001_20221207174003101.jpg,338,600
서울대교구 마리아 사제운동(M.S.M) 체나콜로님의 커뮤니티 - YouTube,"https://yt3.ggpht.com/6j7EBZFmVzxnvPS3pQQd9JGOBp503i6Hje6sFtP_90U0k40oylMZySg3sK4flESfYYhlRODroLUahA=s640-c-fcrop64=1,32050000cdfaffff-rw-nd-v1",https://search.pstatic.net/sunny/?type=b150&src=https%3A%2F%2Fyt3.ggpht.com%2F6j7EBZFmVzxnvPS3pQQd9JGOBp503i6Hje6sFtP_90U0k40oylMZySg3sK4flESfYYhlRODroLUahA%3Ds640-c-fcrop64%3D1%2C32050000cdfaffff-rw-nd-v1,640,640
2019 마리아 사제운동 체나콜로 전국 대피정,http://imgnews.naver.net/image/5252/2019/10/23/0000032453_002_20191023114135035.JPG,https://search.pstatic.net/common/?type=b150&src=http%3A%2F%2Fimgnews.naver.net%2Fimage%2F5252%2F2019%2F10%2F23%2F0000032453_002_20191023114135035.JPG,349,625
희망의 체나콜로 - YouTube 희망의 체나콜로,https://yt3.googleusercontent.com/TjQn9VlbPfD2XAnLlxLfUmF0LICKDGCxICU5h-vbp3dqrVNbTYUnd_PtOZaXmDwL1sTbKTZNig=s900-c-k-c0x00ffffff-no-rj,https://search.pstatic.net/sunny/?type=b150&src=https%3A%2F%2Fyt3.googleusercontent.com%2FTjQn9VlbPfD2XAnLlxLfUmF0LICKDGCxICU5h-vbp3dqrVNbTYUnd_PtOZaXmDwL1sTbKTZNig%3Ds900-c-k-c0x00ffffff-no-rj,900,900
이 땅의 평화 위해 성모님께 기도,http://imgnews.naver.net/image/5234/2017/05/10/0000055227_001_20170510150645974.jpg,https://search.pstatic.net/common/?type=b150&src=http%3A%2F%2Fimgnews.naver.net%2Fimage%2F5234%2F2017%2F05%2F10%2F0000055227_001_20170510150645974.jpg,374,748
체나콜로의 날,https://img1.kakaocdn.net/thumb/R1280x0.fjpg/?fname=http://t1.kakaocdn.net/brunch/service/user/3bnn/image/vkBkWKQfeRhgNN339sUZp_OyWks.jpg,https://search.pstatic.net/sunny/?type=b150&src=https%3A%2F%2Fimg1.kakaocdn.net%2Fthumb%2FR1280x0.fjpg%2F%3Ffname%3Dhttp%3A%2F%2Ft1.kakaocdn.net%2Fbrunch%2Fservice%2Fuser%2F3bnn%2Fimage%2FvkBkWKQfeRhgNN339sUZp_OyWks.jpg,2001,1012
"alla fine, il mio Cuore Immacolato, trionferà - YouTube alla fine, il mio Cuore Immacolato, trionferà",https://yt3.googleusercontent.com/dWW_FBq5Xk6PIdroz4Mr8_yDAYgr9UywMiLUzCCYdl_3zBMnU29ZY_UuHSPFcN9DCHvqUn7CdQ=s900-c-k-c0x00ffffff-no-rj,https://search.pstatic.net/sunny/?type=b150&src=https%3A%2F%2Fyt3.googleusercontent.com%2FdWW_FBq5Xk6PIdroz4Mr8_yDAYgr9UywMiLUzCCYdl_3zBMnU29ZY_UuHSPFcN9DCHvqUn7CdQ%3Ds900-c-k-c0x00ffffff-no-rj,900,900
"TH 아시시 - 호텔 체나콜로, 아시시 | 호텔스컴바인 (Th Assisi - Hotel Cenacolo)",https://www.hotelscombined.co.kr/rimg/himg/3f/6d/ee/expedia_group-340069-13f3a8-319639.jpg?width=968&height=607&crop=true,https://search.pstatic.net/sunny/?type=b150&src=https%3A%2F%2Fwww.hotelscombined.co.kr%2Frimg%2Fhimg%2F3f%2F6d%2Fee%2Fexpedia_group-340069-13f3a8-319639.jpg%3Fwidth%3D968%26height%3D607%26crop%3Dtrue,607,968
Pin page Frases bonitas에 있는 maria luisa mejia rincon님의 핀,https://i.pinimg.com/736x/2f/e1/78/2fe178ffd8fb9c0b109ab6258b738514.jpg,https://search.pstatic.net/sunny/?type=b150&src=https%3A%2F%2Fi.pinimg.com%2F736x%2F2f%2Fe1%2F78%2F2fe178ffd8fb9c0b109ab6258b738514.jpg,748,640
아시시 호텔 TH 아시시 - 호텔 체나콜로 - 스카이스캐너,https://content.skyscnr.com/available/2361564837/2361564837_960x960.jpg,https://search.pstatic.net/sunny/?type=b150&src=https%3A%2F%2Fcontent.skyscnr.com%2Favailable%2F2361564837%2F2361564837_960x960.jpg,960,960
ഒപ്പം OPPAM for proclamation of the Word of God - YouTube ഒപ്പം OPPAM  for proclamation of the Word of God,https://yt3.googleusercontent.com/rWDYGza_4r-N_LMcCChCq-JcotqfovglYlVqAMxEpwCIqUUSxZ9H9sWf0iqX9cev0o1BPSQE=s900-c-k-c0x00ffffff-no-rj,https://search.pstatic.net/sunny/?type=b150&src=https%3A%2F%2Fyt3.googleusercontent.com%2FrWDYGza_4r-N_LMcCChCq-JcotqfovglYlVqAMxEpwCIqUUSxZ9H9sWf0iqX9cev0o1BPSQE%3Ds900-c-k-c0x00ffffff-no-rj,900,900
Juntos com Maria Tv - YouTube Juntos com Maria Tv,https://yt3.googleusercontent.com/uMWSMf8GHyN3VV9xZLa5cHQMn2_wOJsyvKoT1bUJ6v1a_fKuYFcqgxkmdcucQ98FapwlhGTsrA=s900-c-k-c0x00ffffff-no-rj,https://search.pstatic.net/sunny/?type=b150&src=https%3A%2F%2Fyt3.googleusercontent.com%2FuMWSMf8GHyN3VV9xZLa5cHQMn2_wOJsyvKoT1bUJ6v1a_fKuYFcqgxkmdcucQ98FapwlhGTsrA%3Ds900-c-k-c0x00ffffff-no-rj,900,900
CODE SPRINT COMPETITION 2012 Presented By: Greg Dyer and Ainsley Harewood Team name: i² (Internet Intelligence) -  ppt download,https://images.slideplayer.com/25/7993362/slides/slide_11.jpg,https://search.pstatic.net/sunny/?type=b150&src=https%3A%2F%2Fimages.slideplayer.com%2F25%2F7993362%2Fslides%2Fslide_11.jpg,720,960
Live - Free computer icons Live free icons designed by Good Ware,https://cdn-icons-png.flaticon.com/512/2150/2150465.png,https://search.pstatic.net/sunny/?type=b150&src=https%3A%2F%2Fcdn-icons-png.flaticon.com%2F512%2F2150%2F2150465.png,512,512
나의사랑에 있는 혜윤 정님의 핀 | 예술,https://i.pinimg.com/736x/b9/ae/91/b9ae91672e10ea3a48adf8ee0000276c.jpg,https://search.pstatic.net/sunny/?type=b150&src=https%3A%2F%2Fi.pinimg.com%2F736x%2Fb9%2Fae%2F91%2Fb9ae91672e10ea3a48adf8ee0000276c.jpg,640,480
"84,729 Our Lady Stock Photos - Free & Royalty-Free Stock Photos from Dreamstime",https://thumbs.dreamstime.com/b/our-lady-fatima-archbasilica-st-john-lateran-rome-italy-may-141391433.jpg,https://search.pstatic.net/sunny/?type=b150&src=https%3A%2F%2Fthumbs.dreamstime.com%2Fb%2Four-lady-fatima-archbasilica-st-john-lateran-rome-italy-may-141391433.jpg,900,600
TH 아시시 - 호텔 체나콜로 - KKday TH 아시시 - 호텔 체나콜로,https://image.kkday.com/v2/image/get/s1.kkday.com/dyhotel_172308/20260107113328_oll9W/jpg,https://search.pstatic.net/sunny/?type=b150&src=https%3A%2F%2Fimage.kkday.com%2Fv2%2Fimage%2Fget%2Fs1.kkday.com%2Fdyhotel_172308%2F20260107113328_oll9W%2Fjpg,800,1200
"인천 중구 체나콜로갤러리, 다음달 26일 '나에 하늘이야기'",http://imgnews.naver.net/image/5281/2020/03/10/0000374357_004_20200310175241130.jpg,https://search.pstatic.net/common/?type=b150&src=http%3A%2F%2Fimgnews.naver.net%2Fimage%2F5281%2F2020%2F03%2F10%2F0000374357_004_20200310175241130.jpg,897,690
[체나콜로] 들꽃마을 WYD 십자가와 성모성화 순례미사 - [본당 신부님... 김상호 야고보) - 대구대교구 문덕 성당 [체나콜로] 들꽃마을 WYD... ,https://t1.daumcdn.net/cafeattach/1KN0Q/e1c8dab277197af797bb7a4206bc5a317dc8ce7e,https://search.pstatic.net/sunny/?type=b150&src=https%3A%2F%2Ft1.daumcdn.net%2Fcafeattach%2F1KN0Q%2Fe1c8dab277197af797bb7a4206bc5a317dc8ce7e,3000,2896
[체나콜로 아트포레] 하이몬님의 리뷰 2026/2/16,https://d2uja84sd90jmv.cloudfront.net/posts/YIaBS0XxUEeszUVJaHdERQ/ms.jpg?updated=-62167392000,https://search.pstatic.net/sunny/?type=b150&src=https%3A%2F%2Fd2uja84sd90jmv.cloudfront.net%2Fposts%2FYIaBS0XxUEeszUVJaHdERQ%2Fms.jpg%3Fupdated%3D-62167392000,720,540
Aos pés da Grande Mãe - YouTube Aos pés da Grande Mãe,"https://yt3.ggpht.com/xeNYvNPEy-8muNX5fEwjcAvC6dxpuAsu_vn6JslZBkfhGxHwhLpN5aPPPTngJ6im540NTYQtOkwO-w=s475-c-fcrop64=1,00000000ffffffff-rw-nd-v1",https://search.pstatic.net/sunny/?type=b150&src=https%3A%2F%2Fyt3.ggpht.com%2FxeNYvNPEy-8muNX5fEwjcAvC6dxpuAsu_vn6JslZBkfhGxHwhLpN5aPPPTngJ6im540NTYQtOkwO-w%3Ds475-c-fcrop64%3D1%2C00000000ffffffff-rw-nd-v1,475,475
메이플스토리 인벤 : 아르카나 윔 투킬나는 스팩 - 메이플스토리 인벤 자유게시판,https://upload3.inven.co.kr/upload/2022/07/06/bbs/i15988443023.jpg?MW=800,https://search.pstatic.net/sunny/?type=b150&src=https%3A%2F%2Fupload3.inven.co.kr%2Fupload%2F2022%2F07%2F06%2Fbbs%2Fi15988443023.jpg%3FMW%3D800,1780,800
"TH 아시시 - 호텔 체나콜로 후기 & 특가 예약, 산타마리아데그리안젤리 2026 | 트립닷컴",https://ak-d.tripcdn.com/images/0226a12000k7hxy8o9669_R_960_660_R5_D.jpg,https://search.pstatic.net/sunny/?type=b150&src=https%3A%2F%2Fak-d.tripcdn.com%2Fimages%2F0226a12000k7hxy8o9669_R_960_660_R5_D.jpg,660,960
"호텔 체나콜로 (아시시, 이탈리아) 특가 호텔예약, 2019 아시시 호텔추천 | 호텔스닷컴 아시시에 있는 호텔 체나콜로 (Hotel Cenacolo)",https://thumbnails.trvl-media.com/6UhuHZ9x9t2l4uLtr9LvE6S8X3w=/773x530/smart/filters:quality(60)/images.trvl-media.com/hotels/4000000/3490000/3485400/3485400/aceace11_z.jpg,https://search.pstatic.net/sunny/?type=b150&src=https%3A%2F%2Fthumbnails.trvl-media.com%2F6UhuHZ9x9t2l4uLtr9LvE6S8X3w%3D%2F773x530%2Fsmart%2Ffilters%3Aquality%2860%29%2Fimages.trvl-media.com%2Fhotels%2F4000000%2F3490000%2F3485400%2F3485400%2Faceace11_z.jpg,530,773
Notebook - Free education icons Notebook free vector icons designed by Oleksandr Yershov,https://image.flaticon.com/icons/png/512/445/445654.png,https://search.pstatic.net/sunny/?type=b150&src=https%3A%2F%2Fimage.flaticon.com%2Ficons%2Fpng%2F512%2F445%2F445654.png,512,512
"호텔 체나콜로, 솜마베수비아나, 이탈리아 - 여기어때 특가",https://image.withstatic.com/oversea-accommodation/2026/06/22/39/39659a7f518d44748a7307cb8d40bece.jpg,https://search.pstatic.net/sunny/?type=b150&src=https%3A%2F%2Fimage.withstatic.com%2Foversea-accommodation%2F2026%2F06%2F22%2F39%2F39659a7f518d44748a7307cb8d40bece.jpg,667,1000
아시시 호텔 TH 아시시 - 호텔 체나콜로 - 스카이스캐너,https://content.skyscnr.com/available/1548613091/1548613091_960x960.jpg,https://search.pstatic.net/sunny/?type=b150&src=https%3A%2F%2Fcontent.skyscnr.com%2Favailable%2F1548613091%2F1548613091_960x960.jpg,666,960
Jardim de Preces - YouTube Jardim de Preces,https://i.ytimg.com/vi/mA12wtO96Rs/oar2.jpg,https://search.pstatic.net/sunny/?type=b150&src=https%3A%2F%2Fi.ytimg.com%2Fvi%2FmA12wtO96Rs%2Foar2.jpg,638,576
Salve Maria - YouTube Salve Maria,https://yt3.googleusercontent.com/143h8R4yEu6tMVrzJa0BauAh2oDnmG24bokEj8HWZjsnup7RWU8DjehZlVb7wdCeVBlzrhoH=s900-c-k-c0x00ffffff-no-rj,https://search.pstatic.net/sunny/?type=b150&src=https%3A%2F%2Fyt3.googleusercontent.com%2F143h8R4yEu6tMVrzJa0BauAh2oDnmG24bokEj8HWZjsnup7RWU8DjehZlVb7wdCeVBlzrhoH%3Ds900-c-k-c0x00ffffff-no-rj,900,900
임진각 인근에 '통일기원' 성당 세운 독일인 신부,http://imgnews.naver.net/image/001/2015/05/21/PYH2015052114280001300_P2_99_20150521174104.jpg,https://search.pstatic.net/common/?type=b150&src=http%3A%2F%2Fimgnews.naver.net%2Fimage%2F001%2F2015%2F05%2F21%2FPYH2015052114280001300_P2_99_20150521174104.jpg,750,499
(VÍDEO) Conheça sua bíblia de capa a capa através de aulas online com um professor a suadisposição.... ,https://i.pinimg.com/originals/e5/93/d4/e593d4ee5b3d8be7748d03e76131d4b1.jpg,https://search.pstatic.net/sunny/?type=b150&src=https%3A%2F%2Fi.pinimg.com%2Foriginals%2Fe5%2F93%2Fd4%2Fe593d4ee5b3d8be7748d03e76131d4b1.jpg,800,487
파티마의 성모 메달 - 수호 성인 100% 이탈리아산 : 아스트라조이,https://shop-phinf.pstatic.net/20260528_196/1779970030535fy5V8_JPEG/11921668680308979_912298187.jpeg,https://search.pstatic.net/common/?type=b150&src=https%3A%2F%2Fshop-phinf.pstatic.net%2F20260528_196%2F1779970030535fy5V8_JPEG%2F11921668680308979_912298187.jpeg,1500,1253
Fonte Beleza - 파티마 - Fonte Beleza의 리뷰 - 트립어드바이저,https://dynamic-media-cdn.tripadvisor.com/media/photo-o/13/f9/a5/6c/fonte-beleza.jpg?w=1200&h=1200&s=1,https://search.pstatic.net/sunny/?type=b150&src=https%3A%2F%2Fdynamic-media-cdn.tripadvisor.com%2Fmedia%2Fphoto-o%2F13%2Ff9%2Fa5%2F6c%2Ffonte-beleza.jpg%3Fw%3D1200%26h%3D1200%26s%3D1,1200,1200
갤러리 체나콜로 물들인 김유준 작가의 '하늘이야기',http://imgnews.naver.net/image/5193/2020/03/02/0000351182_001_20200302180026664.jpg,https://search.pstatic.net/common/?type=b150&src=http%3A%2F%2Fimgnews.naver.net%2Fimage%2F5193%2F2020%2F03%2F02%2F0000351182_001_20200302180026664.jpg,1000,724
Nash Creations - YouTube Nash Creations,"https://yt3.ggpht.com/rBCKmJYif4JbM5FOIfp5JyMqreUiSS1fvRy1Md9vTg6U55gjkSxCAeADF-uhuGdaFz7AT71bhJTq0A=s736-c-fcrop64=1,0000265dffffd9a2-rw-nd-v1",https://search.pstatic.net/sunny/?type=b150&src=https%3A%2F%2Fyt3.ggpht.com%2FrBCKmJYif4JbM5FOIfp5JyMqreUiSS1fvRy1Md9vTg6U55gjkSxCAeADF-uhuGdaFz7AT71bhJTq0A%3Ds736-c-fcrop64%3D1%2C0000265dffffd9a2-rw-nd-v1,736,736
"[인터뷰] 은효진 작가 ""전 세계 성모발현지 사진에 담아…발현 의미 새겨야""",http://imgnews.naver.net/image/5234/2019/10/10/0000084140_001_20191010195245956.jpg,https://search.pstatic.net/common/?type=b150&src=http%3A%2F%2Fimgnews.naver.net%2Fimage%2F5234%2F2019%2F10%2F10%2F0000084140_001_20191010195245956.jpg,527,398
AI Generated Appearance Photos and Artwork | Deep Dream Generator,https://img-v3.deepdreamgenerator.com/2786687/md_qepimh_91c01349a5bbafa9dbac5c51c428b93fae7254cb.jpg,https://search.pstatic.net/sunny/?type=b150&src=https%3A%2F%2Fimg-v3.deepdreamgenerator.com%2F2786687%2Fmd_qepimh_91c01349a5bbafa9dbac5c51c428b93fae7254cb.jpg,480,600
Rosary For Today - YouTube Rosary For Today,https://yt3.googleusercontent.com/ZyCD6Oxs53Cg7GR2Zeha8wQcq-FjYSu39CaHJzY3gyFJSES0y1e0NLx5Z-KFK80wG96F6j5_6Q=s900-c-k-c0x00ffffff-no-rj,https://search.pstatic.net/sunny/?type=b150&src=https%3A%2F%2Fyt3.googleusercontent.com%2FZyCD6Oxs53Cg7GR2Zeha8wQcq-FjYSu39CaHJzY3gyFJSES0y1e0NLx5Z-KFK80wG96F6j5_6Q%3Ds900-c-k-c0x00ffffff-no-rj,900,900
"Pin de 황유빈 em YUBINEE (com imagens) | Arcanjo miguel, Virgem maria, Esculturas",https://i.pinimg.com/736x/52/ad/d3/52add3001c735f1d68ac08e90d12e46a.jpg,https://search.pstatic.net/sunny/?type=b150&src=https%3A%2F%2Fi.pinimg.com%2F736x%2F52%2Fad%2Fd3%2F52add3001c735f1d68ac08e90d12e46a.jpg,1000,667
SHIBANI MONDAL - YouTube SHIBANI MONDAL,"https://yt3.ggpht.com/yRvdlS2ZyNYM7A1L2SUzk0Acr-4a_vuxmjIt-pYOsqvj11od7-fGkdNT9lhynfuiq3-tEvGmrWzmTA=s640-c-fcrop64=1,00002e4efffffd8f-rw-nd-v1",https://search.pstatic.net/sunny/?type=b150&src=https%3A%2F%2Fyt3.ggpht.com%2FyRvdlS2ZyNYM7A1L2SUzk0Acr-4a_vuxmjIt-pYOsqvj11od7-fGkdNT9lhynfuiq3-tEvGmrWzmTA%3Ds640-c-fcrop64%3D1%2C00002e4efffffd8f-rw-nd-v1,640,640
ZAKAI SURYOYO - YouTube ZAKAI SURYOYO ,https://yt3.googleusercontent.com/4w5uFzj9WOTPp7kgusDM_QpvGoe7EUYD-0vErOehKy80MCl1ZDuCM9-Duc0NQ_8EQek7wG3ZW3E=s900-c-k-c0x00ffffff-no-rj,https://search.pstatic.net/sunny/?type=b150&src=https%3A%2F%2Fyt3.googleusercontent.com%2F4w5uFzj9WOTPp7kgusDM_QpvGoe7EUYD-0vErOehKy80MCl1ZDuCM9-Duc0NQ_8EQek7wG3ZW3E%3Ds900-c-k-c0x00ffffff-no-rj,900,900
Devotos de Maria - YouTube Devotos de Maria,https://yt3.googleusercontent.com/3xZNXEe0l5o5oJDaPpsD8kOYPhXP5Xg47tepmr6U-pW-Cvel3T5MWxVys5Z4rVT5T14c6fUuUw=s900-c-k-c0x00ffffff-no-rj,https://search.pstatic.net/sunny/?type=b150&src=https%3A%2F%2Fyt3.googleusercontent.com%2F3xZNXEe0l5o5oJDaPpsD8kOYPhXP5Xg47tepmr6U-pW-Cvel3T5MWxVys5Z4rVT5T14c6fUuUw%3Ds900-c-k-c0x00ffffff-no-rj,900,900
"Pin de Juyeon Kang em 십자가 | Nossa senhora de fatima, Virgem maria, Imagens de jesus",https://i.pinimg.com/originals/a5/03/21/a50321e388ed0ade64bfd982a7fdb4a9.jpg,https://search.pstatic.net/sunny/?type=b150&src=https%3A%2F%2Fi.pinimg.com%2Foriginals%2Fa5%2F03%2F21%2Fa50321e388ed0ade64bfd982a7fdb4a9.jpg,720,538
À JÉSUS par Marie! - YouTube À JÉSUS par Marie!,https://yt3.googleusercontent.com/nDn8PqX9E3_yWWokogsv1B189LGRVxz5nZM0883Nkz2V82a80-D7HJbz66PMsXtMfoQtQpPHIg=s900-c-k-c0x00ffffff-no-rj,https://search.pstatic.net/sunny/?type=b150&src=https%3A%2F%2Fyt3.googleusercontent.com%2FnDn8PqX9E3_yWWokogsv1B189LGRVxz5nZM0883Nkz2V82a80-D7HJbz66PMsXtMfoQtQpPHIg%3Ds900-c-k-c0x00ffffff-no-rj,900,900
Fátima Cantada em Fado - Compilation by Various Artists | Spotify Fátima Cantada em Fado,https://i.scdn.co/image/ab67616d0000b27306c449e2f601358b3d513783,https://search.pstatic.net/sunny/?type=b150&src=https%3A%2F%2Fi.scdn.co%2Fimage%2Fab67616d0000b27306c449e2f601358b3d513783,640,640
Catholic prayers | 아침기도,https://i.pinimg.com/736x/f3/bc/fc/f3bcfc136c5c9d6c38c38d4b4eb78515.jpg,https://search.pstatic.net/sunny/?type=b150&src=https%3A%2F%2Fi.pinimg.com%2F736x%2Ff3%2Fbc%2Ffc%2Ff3bcfc136c5c9d6c38c38d4b4eb78515.jpg,732,736
푸드앤잡,https://www.foodnjob.com/upload/upload/offer_user/202302/1675825790_mem2.JPG,https://search.pstatic.net/sunny/?type=b150&src=https%3A%2F%2Fwww.foodnjob.com%2Fupload%2Fupload%2Foffer_user%2F202302%2F1675825790_mem2.JPG,1083,1440
Isabella Castro’s review of La virgen de los sicarios Isabella Castro's review of La virgen de los sicarios,"https://i.gr-assets.com/images/S/compressed.photo.goodreads.com/books/1548088183i/43663591._SR1200,630_.jpg",https://search.pstatic.net/sunny/?type=b150&src=https%3A%2F%2Fi.gr-assets.com%2Fimages%2FS%2Fcompressed.photo.goodreads.com%2Fbooks%2F1548088183i%2F43663591._SR1200%2C630_.jpg,630,1200
NIZ Admin - YouTube NIZ Admin,https://yt3.googleusercontent.com/ytc/AIdro_lSVoKifc7KbL-jTrZgRM0ZSkcAiGKgR1OPsQwYiw05rPI=s900-c-k-c0x00ffffff-no-rj,https://search.pstatic.net/sunny/?type=b150&src=https%3A%2F%2Fyt3.googleusercontent.com%2Fytc%2FAIdro_lSVoKifc7KbL-jTrZgRM0ZSkcAiGKgR1OPsQwYiw05rPI%3Ds900-c-k-c0x00ffffff-no-rj,900,900
Rádio Vozes de Fátima - Google Play 앱,https://play-lh.googleusercontent.com/BemVtXxH-vmd9BiZuzJkk21b3Umxonzn6rySGCIDhzaazNApBxj8mW8EKVfjq6wRVIM,https://search.pstatic.net/sunny/?type=b150&src=https%3A%2F%2Fplay-lh.googleusercontent.com%2FBemVtXxH-vmd9BiZuzJkk21b3Umxonzn6rySGCIDhzaazNApBxj8mW8EKVfjq6wRVIM,512,512
Jesusllove19 - YouTube Jesusllove19 ,https://i.ytimg.com/vi/F8taah5ffLY/oar2.jpg?sqp=-oaymwEdCP4DENAFSFWQAgHyq4qpAwwIARUAAIhCcAHAAQY=&rs=AOn4CLB9_aZaWexp8Czz5ZCtio7ntaRf5g,https://search.pstatic.net/sunny/?type=b150&src=https%3A%2F%2Fi.ytimg.com%2Fvi%2FF8taah5ffLY%2Foar2.jpg%3Fsqp%3D-oaymwEdCP4DENAFSFWQAgHyq4qpAwwIARUAAIhCcAHAAQY%3D%26rs%3DAOn4CLB9_aZaWexp8Czz5ZCtio7ntaRf5g,720,510
"Karunaiyin Vadivame (Duet) - Single by Deepan Chakravarthy, Meera Krishnan | Spotify Karunaiyin Vadivame (Duet)",https://i.scdn.co/image/ab67616d0000b273d62258177c48a5d5c6ebe612,https://search.pstatic.net/sunny/?type=b150&src=https%3A%2F%2Fi.scdn.co%2Fimage%2Fab67616d0000b273d62258177c48a5d5c6ebe612,640,640
"HOTEL ESTRELA DE FÁTIMA: Updated 2026 Prices & Reviews (Fatima, Portugal) HOTEL ESTRELA DE FÁTIMA: Updated 2026 Prices... ",https://dynamic-media-cdn.tripadvisor.com/media/photo-o/2f/f3/6a/a2/caption.jpg?w=1000&h=1000&s=1,https://search.pstatic.net/sunny/?type=b150&src=https%3A%2F%2Fdynamic-media-cdn.tripadvisor.com%2Fmedia%2Fphoto-o%2F2f%2Ff3%2F6a%2Fa2%2Fcaption.jpg%3Fw%3D1000%26h%3D1000%26s%3D1,1000,983
Sor Carmen Maria - YouTube Sor Carmen Maria,https://yt3.googleusercontent.com/ytc/AIdro_kZLpyquZTtrGLXVs8_qZSDrVFNXrD5OIlbEsMpUfoKEg=s900-c-k-c0x00ffffff-no-rj,https://search.pstatic.net/sunny/?type=b150&src=https%3A%2F%2Fyt3.googleusercontent.com%2Fytc%2FAIdro_kZLpyquZTtrGLXVs8_qZSDrVFNXrD5OIlbEsMpUfoKEg%3Ds900-c-k-c0x00ffffff-no-rj,900,900
Oracion a Maria Santisima. - YouTube Oracion a Maria Santisima.,https://yt3.googleusercontent.com/ytc/AIdro_m6gjAiZCkoTHxGYk56Ti2EychhYKf2T-IcrTcy4zqOcg=s900-c-k-c0x00ffffff-no-rj,https://search.pstatic.net/sunny/?type=b150&src=https%3A%2F%2Fyt3.googleusercontent.com%2Fytc%2FAIdro_m6gjAiZCkoTHxGYk56Ti2EychhYKf2T-IcrTcy4zqOcg%3Ds900-c-k-c0x00ffffff-no-rj,900,900
Islamic and Heartless shorts - YouTube Islamic and Heartless shorts,https://yt3.googleusercontent.com/a6zphAl39csOIp1fD2pGSFg00FnaB-h8mKLS5oXgxz1U4U5DFdQMJmJD9S96FiiRQR40OixQ-w=s900-c-k-c0x00ffffff-no-rj,https://search.pstatic.net/sunny/?type=b150&src=https%3A%2F%2Fyt3.googleusercontent.com%2Fa6zphAl39csOIp1fD2pGSFg00FnaB-h8mKLS5oXgxz1U4U5DFdQMJmJD9S96FiiRQR40OixQ-w%3Ds900-c-k-c0x00ffffff-no-rj,900,900
Kyle Blake - YouTube Kyle Blake ,"https://yt3.ggpht.com/400j_AuKEJHW_-VcY6eef0oFPXuk6I1yOS6ZmlizyaYSidXKbPlMGsSJNTtk3IMa0BA2owLuyocakQ=s640-c-fcrop64=1,02040000fdfbffff-rw-nd-v1",https://search.pstatic.net/sunny/?type=b150&src=https%3A%2F%2Fyt3.ggpht.com%2F400j_AuKEJHW_-VcY6eef0oFPXuk6I1yOS6ZmlizyaYSidXKbPlMGsSJNTtk3IMa0BA2owLuyocakQ%3Ds640-c-fcrop64%3D1%2C02040000fdfbffff-rw-nd-v1,640,640
NYIMBO ZA KATOLIKI - YouTube NYIMBO ZA KATOLIKI,https://yt3.googleusercontent.com/Iwxqrm5IR2RdSYPL8-qOKf8wtILAl-qn7kxKngbJgoIZDf341Dc_pMgST6xBibevrbmxDhrfYw=s900-c-k-c0x00ffffff-no-rj,https://search.pstatic.net/sunny/?type=b150&src=https%3A%2F%2Fyt3.googleusercontent.com%2FIwxqrm5IR2RdSYPL8-qOKf8wtILAl-qn7kxKngbJgoIZDf341Dc_pMgST6xBibevrbmxDhrfYw%3Ds900-c-k-c0x00ffffff-no-rj,900,900
[체나콜로] 돌밥님의 추천 포스트 2021/7/25,https://d2uja84sd90jmv.cloudfront.net/posts/nraLy30JDHqXmqg9WuItig/m.jpg,https://search.pstatic.net/sunny/?type=b150&src=https%3A%2F%2Fd2uja84sd90jmv.cloudfront.net%2Fposts%2FnraLy30JDHqXmqg9WuItig%2Fm.jpg,1024,1024
Enigmatic Headdress: A Visionary Portrait | Deep Dream Generator,https://img-v3.deepdreamgenerator.com/994631/md_fmj19c_35f6629363862d69ab50056336e0bc0dbdae8ff3.jpg,https://search.pstatic.net/sunny/?type=b150&src=https%3A%2F%2Fimg-v3.deepdreamgenerator.com%2F994631%2Fmd_fmj19c_35f6629363862d69ab50056336e0bc0dbdae8ff3.jpg,480,600
알라딘: [중고] 체나콜로 콘서트 [중고] 체나콜로 콘서트,https://image.aladin.co.kr/product/279/93/letslook/2692272145_b.jpg,https://search.pstatic.net/sunny/?type=b150&src=https%3A%2F%2Fimage.aladin.co.kr%2Fproduct%2F279%2F93%2Fletslook%2F2692272145_b.jpg,1008,700
Mama mary에 관한 상위 25개 이상의 Pinterest 아이디어 | 성모 및 Virgin mary,https://i.pinimg.com/736x/ef/8d/9f/ef8d9f5ce2504746ab04c839337a6612--eucharist-mother-mary.jpg,https://search.pstatic.net/sunny/?type=b150&src=https%3A%2F%2Fi.pinimg.com%2F736x%2Fef%2F8d%2F9f%2Fef8d9f5ce2504746ab04c839337a6612--eucharist-mother-mary.jpg,1080,719
Similar search | Deep Dream Generator,https://img-v3.deepdreamgenerator.com/3812441/md_dzs0qo_896767d8b15555e291bb6a640eaf22c76d560a32.jpg,https://search.pstatic.net/sunny/?type=b150&src=https%3A%2F%2Fimg-v3.deepdreamgenerator.com%2F3812441%2Fmd_dzs0qo_896767d8b15555e291bb6a640eaf22c76d560a32.jpg,480,600
성모 마리아의 무덤 뜻: 이스라엘의 예루살렘 감람산 중턱에 있는 성모 마리아의 무덤. 실제로 마리아의 유해가 묻혀 성모 마리아의 무덤 뜻... ,https://thx2.sfo2.cdn.digitaloceanspaces.com/detail_meaning/%EC%84%B1%EB%AA%A8%EB%A7%88%EB%A6%AC%EC%95%84%EC%9D%98%EB%AC%B4%EB%8D%A4_1.webp,https://search.pstatic.net/sunny/?type=b150&src=https%3A%2F%2Fthx2.sfo2.cdn.digitaloceanspaces.com%2Fdetail_meaning%2F%25EC%2584%25B1%25EB%25AA%25A8%25EB%25A7%2588%25EB%25A6%25AC%25EC%2595%2584%25EC%259D%2598%25EB%25AC%25B4%25EB%258D%25A4_1.webp,800,1280
May 2017 by Archdiocese of Santa Fe - issuu May 2017,https://image.isu.pub/170509202126-591a1ef004d29a5f7546f26b78adfd9d/jpg/page_1.jpg,https://search.pstatic.net/sunny/?type=b150&src=https%3A%2F%2Fimage.isu.pub%2F170509202126-591a1ef004d29a5f7546f26b78adfd9d%2Fjpg%2Fpage_1.jpg,1496,1156
