,title,link,thumbnail,sizeheight,sizewidth
0,"스위스일주 9일[알프스걷다] ●추석연휴/출발가능● NO쇼핑#5성스파호텔/4성숙박# 알프스3봉+인터라켄2DAY(융프라우,피러스트,하더쿨룸)... ",https://img-kyowontour.kyowontour.com/erp/imagecontentfile/1b3522c8-f9a4-42c5-8943-165ae7d4353f.jpg,https://search.pstatic.net/sunny/?type=b150&src=https%3A%2F%2Fimg-kyowontour.kyowontour.com%2Ferp%2Fimagecontentfile%2F1b3522c8-f9a4-42c5-8943-165ae7d4353f.jpg,607,910
1,전경에 호수가 있는 산맥 사진 – Unsplash의 무료 스위스 이미지 Unsplash에 있는 Christopher Politano의 사진,https://images.unsplash.com/photo-1661594129169-ba950ced2724?fm=jpg&q=60&w=3000&auto=format&fit=crop&ixlib=rb-4.1.0&ixid=M3wxMjA3fDB8MHxwaG90by1yZWxhdGVkfDMzfHx8ZW58MHx8fHx8,https://search.pstatic.net/sunny/?type=b150&src=https%3A%2F%2Fimages.unsplash.com%2Fphoto-1661594129169-ba950ced2724%3Ffm%3Djpg%26q%3D60%26w%3D3000%26auto%3Dformat%26fit%3Dcrop%26ixlib%3Drb-4.1.0%26ixid%3DM3wxMjA3fDB8MHxwaG90by1yZWxhdGVkfDMzfHx8ZW58MHx8fHx8,1718,3000
2,#스위스 #그린델발트 #해외여행,https://pup-post-phinf.pstatic.net/MjAyNTEyMDdfMTUx/MDAxNzY1MDk5ODkwOTQy.oDNduQZqSZw_riL7v8lsGRFoBxBWqKSRdAjF6Mp1otcg.ZL9zq0_NUvwLVonRwLqFT21fl-OI0TwfVqoCbgs-xYAg.JPEG/POST_IMAGE_ENCODING_20251207_183130_519.jpg,https://search.pstatic.net/common/?type=b150&src=https%3A%2F%2Fpup-post-phinf.pstatic.net%2FMjAyNTEyMDdfMTUx%2FMDAxNzY1MDk5ODkwOTQy.oDNduQZqSZw_riL7v8lsGRFoBxBWqKSRdAjF6Mp1otcg.ZL9zq0_NUvwLVonRwLqFT21fl-OI0TwfVqoCbgs-xYAg.JPEG%2FPOST_IMAGE_ENCODING_20251207_183130_519.jpg,1920,1535
3,네이버 인플루언서 [네이버 인플루언서] 여긴 스위스가 아닙니다! 이탈리아에 이런 풍경이 있다고요?,https://influencer-phinf.pstatic.net/MjAyNTEwMjdfMTQz/MDAxNzYxNTMxMDczODYw.4B1iHCZYEZWJCl2urT98ho8rLoFtZ4q4sVpliQ_wQ5gg.q0ZuozFiaKw6okBBcAvpwX62Pl9K_qnPBGmdXCAwBeog.PNG/83a4.png?type=w700,https://search.pstatic.net/sunny/?type=b150&src=https%3A%2F%2Finfluencer-phinf.pstatic.net%2FMjAyNTEwMjdfMTQz%2FMDAxNzYxNTMxMDczODYw.4B1iHCZYEZWJCl2urT98ho8rLoFtZ4q4sVpliQ_wQ5gg.q0ZuozFiaKw6okBBcAvpwX62Pl9K_qnPBGmdXCAwBeog.PNG%2F83a4.png%3Ftype%3Dw700,700,700
4,"4.2 스위스 둘째 날, 코 찔찔 거리고 비도 온다는데",https://img1.daumcdn.net/thumb/R1280x0.fwebp/?fname=http://t1.daumcdn.net/brunch/service/user/9yjN/image/VbLjP8vj3AaJZRWSOC8b3MP2ohY.JPG,https://search.pstatic.net/sunny/?type=b150&src=https%3A%2F%2Fimg1.daumcdn.net%2Fthumb%2FR1280x0.fwebp%2F%3Ffname%3Dhttp%3A%2F%2Ft1.daumcdn.net%2Fbrunch%2Fservice%2Fuser%2F9yjN%2Fimage%2FVbLjP8vj3AaJZRWSOC8b3MP2ohY.JPG,960,1280
5,그 한가운데에 새집이 있는 호수 사진 – Unsplash의 무료 스위스 이미지 Unsplash에 있는 Jacqueline vanN의 사진,https://images.unsplash.com/photo-1592606645791-ba81dccc9926?fm=jpg&q=60&w=3000&auto=format&fit=crop&ixlib=rb-4.1.0&ixid=M3wxMjA3fDB8MHxwaG90by1yZWxhdGVkfDM4fHx8ZW58MHx8fHx8,https://search.pstatic.net/sunny/?type=b150&src=https%3A%2F%2Fimages.unsplash.com%2Fphoto-1592606645791-ba81dccc9926%3Ffm%3Djpg%26q%3D60%26w%3D3000%26auto%3Dformat%26fit%3Dcrop%26ixlib%3Drb-4.1.0%26ixid%3DM3wxMjA3fDB8MHxwaG90by1yZWxhdGVkfDM4fHx8ZW58MHx8fHx8,2000,3000
6,나 스위스 가봤다 > 인기 게시물 | 시보드 나 스위스 가봤다,https://cbimg.xyz/data/file/c18/17800139314308.jpg,https://search.pstatic.net/sunny/?type=b150&src=https%3A%2F%2Fcbimg.xyz%2Fdata%2Ffile%2Fc18%2F17800139314308.jpg,566,850
7,"럭셔리 여행지 스위스와 두바이, 8일 동안 여행",http://imgnews.naver.net/image/5815/2025/02/13/0000011314_001_20250213000615603.jpg,https://search.pstatic.net/common/?type=b150&src=http%3A%2F%2Fimgnews.naver.net%2Fimage%2F5815%2F2025%2F02%2F13%2F0000011314_001_20250213000615603.jpg,337,600
8,스위스 그린델발트의 전경 : Lighthouse - 네이버 OGQ마켓,https://storep-phinf.pstatic.net/ogq-61efda2edd080/img/r1jte38s.jpg?type=o720_mask,https://search.pstatic.net/sunny/?type=b150&src=https%3A%2F%2Fstorep-phinf.pstatic.net%2Fogq-61efda2edd080%2Fimg%2Fr1jte38s.jpg%3Ftype%3Do720_mask,720,493
9,네이버 인플루언서 [네이버 인플루언서] 스위스 아름다운 호수가 있는 동화 같은 마을! ,https://dthumb-phinf.pstatic.net/?src=%22https://mblogthumb-phinf.pstatic.net/MjAyNTA1MjdfMTk0/MDAxNzQ4MzM1MDU4MTg5.S5joCORcNR27qV0g_MvER3BYHyal03PJQwS5QDeSVXYg.drh1Mp3y9ye_E3tMy8UzahFjJmygoxiwCWybAPj-L_Yg.JPEG/IMG_1604.jpg?type=w800%22&opts=2&twidth=700&theight=700,https://search.pstatic.net/sunny/?type=b150&src=https%3A%2F%2Fdthumb-phinf.pstatic.net%2F%3Fsrc%3D%2522https%3A%2F%2Fmblogthumb-phinf.pstatic.net%2FMjAyNTA1MjdfMTk0%2FMDAxNzQ4MzM1MDU4MTg5.S5joCORcNR27qV0g_MvER3BYHyal03PJQwS5QDeSVXYg.drh1Mp3y9ye_E3tMy8UzahFjJmygoxiwCWybAPj-L_Yg.JPEG%2FIMG_1604.jpg%3Ftype%3Dw800%2522%26opts%3D2%26twidth%3D700%26theight%3D700,467,700
10,"스위스 여행 하이라이트, 융프라우 여행 준비 A to Z - ┃스위스여행♡┃ - 온누리... 둘레길여행] 스위스 여행 하이라이트, 융프라우 여행 준비... ",https://t1.daumcdn.net/cafeattach/bqz2/2a9eeef6b8fdb1db434af4f7018a1d17d67fc144,https://search.pstatic.net/sunny/?type=b150&src=https%3A%2F%2Ft1.daumcdn.net%2Fcafeattach%2Fbqz2%2F2a9eeef6b8fdb1db434af4f7018a1d17d67fc144,853,1280
11,스위스 여행하기 좋은 계절은? 성수기 & 비수기 총정리,https://blog.kakaocdn.net/dna/t8Xtv/btsrwYbNrl1/AAAAAAAAAAAAAAAAAAAAADix6gzeIR3W2b6YpbbVz7utERGVB7fUvuDgHxAjtbqV/img.webp?credential=yqXZFxpELC7KVnFOS48ylbz2pIh7yKj8&expires=1782831599&allow_ip=&allow_referer=&signature=9Z1lrR4XySFhRCFw1ZB%2BR82HvKY%3D,https://search.pstatic.net/sunny/?type=b150&src=https%3A%2F%2Fblog.kakaocdn.net%2Fdna%2Ft8Xtv%2FbtsrwYbNrl1%2FAAAAAAAAAAAAAAAAAAAAADix6gzeIR3W2b6YpbbVz7utERGVB7fUvuDgHxAjtbqV%2Fimg.webp%3Fcredential%3DyqXZFxpELC7KVnFOS48ylbz2pIh7yKj8%26expires%3D1782831599%26allow_ip%3D%26allow_referer%3D%26signature%3D9Z1lrR4XySFhRCFw1ZB%252BR82HvKY%253D,877,1304
12,"스위스 룬게른의 경치 좋은 호수 전망 · 무료 스톡 사진 Priscila Kirsner Swiss Xplorer 님의 사진, 출처: Pexels",https://images.pexels.com/photos/30382206/pexels-photo-30382206.jpeg?auto=compress&cs=tinysrgb&h=627&fit=crop&w=1200,https://search.pstatic.net/sunny/?type=b150&src=https%3A%2F%2Fimages.pexels.com%2Fphotos%2F30382206%2Fpexels-photo-30382206.jpeg%3Fauto%3Dcompress%26cs%3Dtinysrgb%26h%3D627%26fit%3Dcrop%26w%3D1200,627,1200
13,"[여행트렌드] 지친 영혼을 달래주는 치유의 성지, 스위스 – 대한항공 뉴스룸",https://kr.img.news.koreanair.com/wp-content/uploads/2024/08/8_%EC%8A%A4%EC%9C%84%EC%8A%A4_-%EB%A7%88%ED%85%8C%ED%98%B8%EB%A5%B8%EA%B3%BC-%EC%B2%B4%EB%A5%B4%EB%A7%88%ED%8A%B8-1-1024x684.png,https://search.pstatic.net/sunny/?type=b150&src=https%3A%2F%2Fkr.img.news.koreanair.com%2Fwp-content%2Fuploads%2F2024%2F08%2F8_%25EC%258A%25A4%25EC%259C%2584%25EC%258A%25A4_-%25EB%25A7%2588%25ED%2585%258C%25ED%2598%25B8%25EB%25A5%25B8%25EA%25B3%25BC-%25EC%25B2%25B4%25EB%25A5%25B4%25EB%25A7%2588%25ED%258A%25B8-1-1024x684.png,684,1024
14,"스위스, 풍경, 자연, 열차, swiss, 사진,이미지,일러스트,캘리그라피 - SSEUNG작가 크라우드픽 - 저작권 걱정 없는 상업용 이미지",https://cdn.crowdpic.net/detail-thumb/thumb_d_53EBD74FD8F04D5A38063CC232D2B6A3.jpg,https://search.pstatic.net/sunny/?type=b150&src=https%3A%2F%2Fcdn.crowdpic.net%2Fdetail-thumb%2Fthumb_d_53EBD74FD8F04D5A38063CC232D2B6A3.jpg,650,975
15,산 근처의 물길 사진 – Unsplash의 무료 스위스 이미지 Unsplash에 있는 Joao Branco의 사진,https://images.unsplash.com/photo-1569185034396-b5978df1a662?mark=https%3A%2F%2Fimages.unsplash.com%2Fopengraph%2Flogo.png&mark-w=64&mark-align=top%2Cleft&mark-pad=50&h=630&w=1200&crop=faces%2Cedges&blend-w=1&blend=000000&blend-mode=normal&blend-alpha=10&auto=format&fit=crop&q=60&ixid=M3wxMjA3fDB8MXxhbGx8fHx8fHx8fHwxNzc2NTUyNjIyfA&ixlib=rb-4.1.0,https://search.pstatic.net/sunny/?type=b150&src=https%3A%2F%2Fimages.unsplash.com%2Fphoto-1569185034396-b5978df1a662%3Fmark%3Dhttps%253A%252F%252Fimages.unsplash.com%252Fopengraph%252Flogo.png%26mark-w%3D64%26mark-align%3Dtop%252Cleft%26mark-pad%3D50%26h%3D630%26w%3D1200%26crop%3Dfaces%252Cedges%26blend-w%3D1%26blend%3D000000%26blend-mode%3Dnormal%26blend-alpha%3D10%26auto%3Dformat%26fit%3Dcrop%26q%3D60%26ixid%3DM3wxMjA3fDB8MXxhbGx8fHx8fHx8fHwxNzc2NTUyNjIyfA%26ixlib%3Drb-4.1.0,630,1200
16,Lake of Brienz - Google 지도 Lake of Brienz · 스위스,https://lh3.googleusercontent.com/gps-cs-s/AC9h4nog_A4yPn6NvLyya-Ns1rgh8uwi24g40PuPk5U7iPB3ZmDo_nDqe21RuzJKNUk61OoUegiDbxZhqFIhnoBO4Dwr8VYn1DF-BtHDe0DpwODDNBqbGYWhTmnsZGbVQBmV5TlVAuA=w900-h900-p-k-no,https://search.pstatic.net/sunny/?type=b150&src=https%3A%2F%2Flh3.googleusercontent.com%2Fgps-cs-s%2FAC9h4nog_A4yPn6NvLyya-Ns1rgh8uwi24g40PuPk5U7iPB3ZmDo_nDqe21RuzJKNUk61OoUegiDbxZhqFIhnoBO4Dwr8VYn1DF-BtHDe0DpwODDNBqbGYWhTmnsZGbVQBmV5TlVAuA%3Dw900-h900-p-k-no,900,900
17,"스위스에서 보내는 2026 휴가, ₩595,292부터 | 스카이스캐너",https://content.skyscnr.com/media/1679915c-da46-4a87-9f3b-217763bc4f6e/image-22737.jpg,https://search.pstatic.net/sunny/?type=b150&src=https%3A%2F%2Fcontent.skyscnr.com%2Fmedia%2F1679915c-da46-4a87-9f3b-217763bc4f6e%2Fimage-22737.jpg,540,960
18,"세탁기와 건조기가 있는그린델발트의 휴가지 숙소 - Canton of Bern, 스위스 | 에어비앤비",https://a0.muscache.com/im/pictures/hosting/Hosting-1403506007174814646/original/9195e4e3-942f-4607-a0e7-c02e0fabaee5.jpeg,https://search.pstatic.net/sunny/?type=b150&src=https%3A%2F%2Fa0.muscache.com%2Fim%2Fpictures%2Fhosting%2FHosting-1403506007174814646%2Foriginal%2F9195e4e3-942f-4607-a0e7-c02e0fabaee5.jpeg,900,1200
19,디스 이즈 스위스 This is Swiss | 디스 이즈 여행 가이드북 | 심상은 | 알라딘 디스 이즈 스위스 This is Swiss | 디스 이즈 여행 가이드북... ,https://image.aladin.co.kr/product/36114/13/letslook/K452038064_t3.jpg,https://search.pstatic.net/sunny/?type=b150&src=https%3A%2F%2Fimage.aladin.co.kr%2Fproduct%2F36114%2F13%2Fletslook%2FK452038064_t3.jpg,707,500
20,#스위스 #뮈렌 #해외여행,https://pup-post-phinf.pstatic.net/MjAyNTEyMDdfNTgg/MDAxNzY1MDk5OTI2Nzcy.ucpSGo01GeSpwxpzIqMPreCpczQrS4-zPLiDCsbyyOMg.LwgS3vwg2i8gBpVw0Jqx8crOpurr5WkjnjtesR95v24g.JPEG/POST_IMAGE_ENCODING_20251207_183206_378.jpg,https://search.pstatic.net/common/?type=b150&src=https%3A%2F%2Fpup-post-phinf.pstatic.net%2FMjAyNTEyMDdfNTgg%2FMDAxNzY1MDk5OTI2Nzcy.ucpSGo01GeSpwxpzIqMPreCpczQrS4-zPLiDCsbyyOMg.LwgS3vwg2i8gBpVw0Jqx8crOpurr5WkjnjtesR95v24g.JPEG%2FPOST_IMAGE_ENCODING_20251207_183206_378.jpg,1920,1535
21,"22.07 스위스 융푸라우, 마터호른 트레킹 - ┃스위스여행♡┃ - 온누리 여행등산클럽™[산악회.국내여행.섬여행.둘레길여행] 22.07 스위스... ",https://t1.daumcdn.net/cafeattach/R9tT/21ddcf54d85e172b125f1e9c051e3d5fdb63978d,https://search.pstatic.net/sunny/?type=b150&src=https%3A%2F%2Ft1.daumcdn.net%2Fcafeattach%2FR9tT%2F21ddcf54d85e172b125f1e9c051e3d5fdb63978d,853,1280
22,"기차 타면 마테호른, 라보포토밭 파노라마… 알프스·치즈·와인 다 갖춘 서부 스위스 [요즘 여행]",http://imgnews.naver.net/image/469/2026/04/29/0000928132_010_20260429073018844.jpg,https://search.pstatic.net/common/?type=b150&src=http%3A%2F%2Fimgnews.naver.net%2Fimage%2F469%2F2026%2F04%2F29%2F0000928132_010_20260429073018844.jpg,960,1440
23,#오늘클립챌린지 #그린델발트 #피르스트 #스위스 #스위스여행 #여행 #유럽여행 눈에 보이는 모든 곳이 환상적인 피르스트,https://pup-post-phinf.pstatic.net/MjAyNjA0MDFfODUg/MDAxNzc1MDE0NjA0Njc1.dK3tMYVnCUkJj9Pl64etKs7HdA7NClj23YNuNaZ6vwsg.rc5hmlGihbpkORuizAnNCd1stzvo5Sg4lnp7M51edqsg.JPEG/POST_IMAGE_ENCODING_20260401_123643_823.jpg,https://search.pstatic.net/common/?type=b150&src=https%3A%2F%2Fpup-post-phinf.pstatic.net%2FMjAyNjA0MDFfODUg%2FMDAxNzc1MDE0NjA0Njc1.dK3tMYVnCUkJj9Pl64etKs7HdA7NClj23YNuNaZ6vwsg.rc5hmlGihbpkORuizAnNCd1stzvo5Sg4lnp7M51edqsg.JPEG%2FPOST_IMAGE_ENCODING_20260401_123643_823.jpg,1440,1920
24,네이버 인플루언서 [네이버 인플루언서] 스위스 인터라켄 즐기는 방법,https://dthumb-phinf.pstatic.net/?src=%22https://mblogthumb-phinf.pstatic.net/MjAyMjEwMDhfMjE0/MDAxNjY1MjE0MjM2MTE1.IV3LK_mv8ezVvZl6v2SgWOdTt9Tz9Yi8Tq5blWphBFMg.in9WAeXsKaSyNEb66Pfm9wzs1YkTLZtSqPdOJgct9FMg.PNG.sumnino_/E512AE46-5034-4F34-9DBD-57D060F6E31F.png?type=w800%22&opts=2&twidth=700&theight=700,https://search.pstatic.net/sunny/?type=b150&src=https%3A%2F%2Fdthumb-phinf.pstatic.net%2F%3Fsrc%3D%2522https%3A%2F%2Fmblogthumb-phinf.pstatic.net%2FMjAyMjEwMDhfMjE0%2FMDAxNjY1MjE0MjM2MTE1.IV3LK_mv8ezVvZl6v2SgWOdTt9Tz9Yi8Tq5blWphBFMg.in9WAeXsKaSyNEb66Pfm9wzs1YkTLZtSqPdOJgct9FMg.PNG.sumnino_%2FE512AE46-5034-4F34-9DBD-57D060F6E31F.png%3Ftype%3Dw800%2522%26opts%3D2%26twidth%3D700%26theight%3D700,466,700
25,"유럽, 스위스, 풍경, europe, swiss, 사진,이미지,일러스트,캘리그라피 - sungil121작가 크라우드픽 - 저작권 걱정 없는 상업용 이미지",https://cdn.crowdpic.net/detail-thumb/thumb_d_3079A112CA026051BE2B076ABB52201E.jpg,https://search.pstatic.net/sunny/?type=b150&src=https%3A%2F%2Fcdn.crowdpic.net%2Fdetail-thumb%2Fthumb_d_3079A112CA026051BE2B076ABB52201E.jpg,650,978
26,"스위스, 감정조차 방향을 잃는 곳",https://img1.daumcdn.net/thumb/R1280x0.fjpg/?fname=http://t1.daumcdn.net/brunch/service/user/iatF/image/qvJtpzFY00-mEheI2o7fbn78sQQ.jpg,https://search.pstatic.net/sunny/?type=b150&src=https%3A%2F%2Fimg1.daumcdn.net%2Fthumb%2FR1280x0.fjpg%2F%3Ffname%3Dhttp%3A%2F%2Ft1.daumcdn.net%2Fbrunch%2Fservice%2Fuser%2FiatF%2Fimage%2FqvJtpzFY00-mEheI2o7fbn78sQQ.jpg,853,1280
27,"[비즈니스석탑승][출발확정]서유럽 3국(이탈리아,스위스,프랑스) 8일... (이탈리아,스위스,프랑스) 8일 실시간 항공 융프라우요흐 친퀘테레... ",https://sitem.ssgcdn.com/50/11/03/item/1000709031150_i5_500.jpg,https://search.pstatic.net/sunny/?type=b150&src=https%3A%2F%2Fsitem.ssgcdn.com%2F50%2F11%2F03%2Fitem%2F1000709031150_i5_500.jpg,500,500
28,"스위스 빌트하우스의 아름다운 알프스 풍경 · 무료 스톡 사진 Tina P.님의 사진, 출처: Pexels",https://images.pexels.com/photos/32698309/pexels-photo-32698309.png?auto=compress&cs=tinysrgb&h=627&fit=crop&w=1200,https://search.pstatic.net/sunny/?type=b150&src=https%3A%2F%2Fimages.pexels.com%2Fphotos%2F32698309%2Fpexels-photo-32698309.png%3Fauto%3Dcompress%26cs%3Dtinysrgb%26h%3D627%26fit%3Dcrop%26w%3D1200,627,1200
29,산속의 마을 사진 – Unsplash의 무료 스위스 이미지 Unsplash에 있는 S. Kim의 사진,https://images.unsplash.com/photo-1667836697850-c0f866224abb?fm=jpg&q=60&w=3000&auto=format&fit=crop&ixlib=rb-4.1.0&ixid=M3wxMjA3fDB8MHxwaG90by1yZWxhdGVkfDE0fHx8ZW58MHx8fHx8,https://search.pstatic.net/sunny/?type=b150&src=https%3A%2F%2Fimages.unsplash.com%2Fphoto-1667836697850-c0f866224abb%3Ffm%3Djpg%26q%3D60%26w%3D3000%26auto%3Dformat%26fit%3Dcrop%26ixlib%3Drb-4.1.0%26ixid%3DM3wxMjA3fDB8MHxwaG90by1yZWxhdGVkfDE0fHx8ZW58MHx8fHx8,2000,3000
